rally,ball_round,time,frame_num,roundscore_A,roundscore_B,player,server,type,aroundhead,backhand,hit_height,hit_area,hit_x,hit_y,landing_height,landing_area,landing_x,landing_y,lose_reason,win_reason,getpoint_player,flaw,player_location_area,player_location_x,player_location_y,opponent_location_area,opponent_location_x,opponent_location_y,db
1,1.0,00:09:08,13715.0,0,1,A,1,發短球,,1.0,2.0,,,,2.0,7,572.0,352.0,,,,,8,649.0,480.0,8,585.0,293.0,0
1,2.0,00:09:09,13733.0,0,1,B,2,勾球,,,2.0,7.0,572.0,352.0,2.0,2,794.0,418.0,,,,,7,578.0,345.0,8,638.0,475.0,0
1,3.0,00:09:10,13751.0,0,1,A,2,挑球,,,2.0,2.0,794.0,418.0,1.0,3,527.0,264.0,,,,,7,728.0,455.0,8,635.0,311.0,0
1,4.0,00:09:10,13773.0,0,1,B,2,點扣,,,1.0,3.0,527.0,264.0,2.0,5,475.0,537.0,,,,,9,611.0,269.0,8,624.0,510.0,0
1,5.0,00:09:11,13783.0,0,1,A,2,擋小球,,1.0,2.0,5.0,475.0,537.0,1.0,5,507.0,331.0,,,,,8,639.0,513.0,3,524.0,264.0,0
1,6.0,00:09:12,13805.0,0,1,B,2,放小球,,,1.0,5.0,507.0,331.0,2.0,1,433.0,425.0,,,,,8,536.0,327.0,8,621.0,528.0,0
1,7.0,00:09:13,13825.0,0,1,A,2,挑球,,1.0,2.0,1.0,433.0,425.0,1.0,3,476.0,263.0,,,,,1,468.0,455.0,8,570.0,311.0,0
1,8.0,00:09:14,13850.0,0,1,B,2,點扣,,,1.0,3.0,476.0,263.0,2.0,8,597.0,543.0,,,,,3,536.0,257.0,8,560.0,511.0,0
1,9.0,00:09:14,13863.0,0,1,A,2,擋小球,,,2.0,8.0,597.0,543.0,1.0,8,690.0,317.0,,,,,8,588.0,541.0,3,493.0,261.0,0
1,10.0,00:09:15,13882.0,0,1,B,2,勾球,,1.0,1.0,8.0,690.0,317.0,2.0,1,467.0,435.0,,,,,8,653.0,325.0,8,570.0,572.0,0
1,11.0,00:09:16,13903.0,0,1,A,2,推球,,1.0,2.0,1.0,467.0,435.0,1.0,3,476.0,261.0,,,,,8,522.0,475.0,8,611.0,310.0,0
1,12.0,00:09:17,13929.0,0,1,B,2,過渡切球,,,1.0,3.0,476.0,261.0,2.0,7,692.0,461.0,,,,,3,525.0,267.0,8,589.0,511.0,0
1,13.0,00:09:17,13943.0,0,1,A,2,推球,,,2.0,7.0,692.0,461.0,1.0,6,752.0,296.0,,,,,8,630.0,527.0,8,550.0,280.0,0
1,14.0,00:09:18,13958.0,0,1,B,2,挑球,,1.0,1.0,6.0,752.0,296.0,1.0,8,541.0,588.0,,,,,8,662.0,300.0,8,678.0,519.0,0
1,15.0,00:09:19,13983.0,0,1,A,2,點扣,1.0,,1.0,8.0,541.0,588.0,2.0,6,759.0,296.0,,,,,8,605.0,566.0,8,631.0,294.0,0
1,16.0,00:09:19,13994.0,0,1,B,2,擋小球,,1.0,2.0,6.0,759.0,296.0,2.0,2,862.0,462.0,,,,,8,587.0,289.0,8,571.0,586.0,0
1,17.0,00:09:20,14021.0,0,1,A,2,放小球,,,2.0,2.0,862.0,462.0,1.0,2,792.0,346.0,,,,,6,797.0,493.0,8,692.0,307.0,0
1,18.0,00:09:21,14038.0,0,1,B,3,推球,,1.0,1.0,2.0,792.0,346.0,2.0,5,463.0,593.0,對手落地致勝,落地致勝,B,,7,745.0,348.0,8,776.0,500.0,0
2,1.0,00:09:48,14707.0,0,2,B,1,發短球,,1.0,2.0,,,,2.0,7,594.0,444.0,,,,,8,643.0,314.0,8,517.0,530.0,0
2,2.0,00:09:48,14721.0,0,2,A,2,放小球,,,2.0,7.0,594.0,444.0,2.0,7,606.0,359.0,,,,,7,576.0,458.0,8,617.0,311.0,0
2,3.0,00:09:49,14744.0,0,2,B,2,挑球,,1.0,2.0,7.0,606.0,359.0,1.0,3,440.0,635.0,,,,,7,585.0,357.0,8,610.0,485.0,0
2,4.0,00:09:51,14787.0,0,2,A,2,切球,1.0,,1.0,3.0,440.0,635.0,2.0,5,500.0,330.0,,,,,9,489.0,630.0,8,596.0,295.0,0
2,5.0,00:09:52,14806.0,0,2,B,2,挑球,,,2.0,5.0,500.0,330.0,1.0,5,437.0,587.0,,,,,5,533.0,314.0,8,506.0,588.0,0
2,6.0,00:09:53,14834.0,0,2,A,2,點扣,1.0,,1.0,5.0,437.0,587.0,2.0,5,498.0,303.0,,,,,8,574.0,553.0,8,573.0,299.0,0
2,7.0,00:09:53,14847.0,0,2,B,2,擋小球,,,2.0,5.0,498.0,303.0,2.0,7,637.0,434.0,,,,,8,560.0,299.0,8,573.0,581.0,0
2,8.0,00:09:54,14868.0,0,2,A,2,放小球,,,2.0,7.0,637.0,434.0,2.0,1,499.0,357.0,,,,,8,600.0,480.0,8,584.0,301.0,0
2,9.0,00:09:55,14889.0,0,2,B,2,勾球,,,2.0,1.0,499.0,357.0,2.0,2,780.0,435.0,,,,,5,526.0,341.0,8,595.0,496.0,0
2,10.0,00:09:56,14910.0,0,2,A,3,放小球,,,2.0,2.0,780.0,435.0,2.0,2,791.0,402.0,掛網,對手掛網,B,,7,734.0,439.0,8,623.0,317.0,0
3,1.0,00:10:17,15434.0,0,3,B,1,發短球,,1.0,2.0,,,,2.0,7,738.0,443.0,,,,,8,625.0,313.0,8,714.0,532.0,0
3,2.0,00:10:18,15451.0,0,3,A,2,推球,,,2.0,7.0,738.0,443.0,1.0,8,547.0,305.0,,,,,7,693.0,455.0,8,623.0,314.0,0
3,3.0,00:10:18,15460.0,0,3,B,2,擋小球,,,1.0,8.0,547.0,305.0,2.0,7,640.0,460.0,,,,,8,626.0,316.0,7,688.0,464.0,0
3,4.0,00:10:19,15475.0,0,3,A,3,放小球,,1.0,2.0,7.0,640.0,460.0,2.0,7,623.0,411.0,掛網,對手掛網,B,,8,658.0,498.0,8,600.0,302.0,0
4,1.0,00:10:45,16126.0,0,4,B,1,發短球,,1.0,2.0,,,,2.0,7,554.0,451.0,,,,,8,646.0,311.0,8,517.0,529.0,0
4,2.0,00:10:45,16144.0,0,4,A,2,放小球,,,2.0,7.0,554.0,451.0,2.0,1,512.0,348.0,,,,,7,559.0,460.0,8,613.0,311.0,0
4,3.0,00:10:46,16165.0,0,4,B,2,挑球,,,2.0,1.0,512.0,348.0,1.0,4,843.0,610.0,,,,,7,558.0,345.0,8,590.0,510.0,0
4,4.0,00:10:47,16197.0,0,4,A,2,切球,,,1.0,4.0,843.0,610.0,2.0,5,490.0,338.0,,,,,9,744.0,626.0,8,635.0,299.0,0
4,5.0,00:10:48,16216.0,0,4,B,2,放小球,,,2.0,5.0,490.0,338.0,2.0,1,456.0,439.0,,,,,5,526.0,319.0,8,711.0,567.0,0
4,6.0,00:10:49,16239.0,0,4,A,2,放小球,,1.0,2.0,1.0,456.0,439.0,2.0,7,551.0,353.0,,,,,1,495.0,470.0,8,561.0,305.0,0
4,7.0,00:10:50,16258.0,0,4,B,2,推球,,,2.0,7.0,551.0,353.0,1.0,5,504.0,485.0,,,,,7,606.0,359.0,8,587.0,491.0,0
4,8.0,00:10:50,16270.0,0,4,A,3,勾球,,1.0,1.0,5.0,504.0,485.0,2.0,10,934.0,358.0,出界,對手出界,B,,8,655.0,506.0,7,596.0,345.0,0
5,1.0,00:11:12,16804.0,1,4,B,1,發短球,,1.0,2.0,,,,2.0,2,780.0,444.0,,,,,8,625.0,314.0,8,712.0,527.0,0
5,2.0,00:11:12,16820.0,1,4,A,2,勾球,,,2.0,2.0,780.0,444.0,2.0,1,508.0,351.0,,,,,7,759.0,465.0,8,622.0,314.0,0
5,3.0,00:11:13,16843.0,1,4,B,2,推球,,,2.0,1.0,508.0,351.0,1.0,5,481.0,551.0,,,,,7,565.0,345.0,8,623.0,488.0,0
5,4.0,00:11:14,16866.0,1,4,A,2,點扣,1.0,,1.0,5.0,481.0,551.0,2.0,8,566.0,296.0,,,,,8,530.0,564.0,8,592.0,305.0,0
5,5.0,00:11:14,16874.0,1,4,B,2,擋小球,,,2.0,8.0,566.0,296.0,2.0,7,748.0,473.0,,,,,8,574.0,294.0,8,549.0,570.0,0
5,6.0,00:11:15,16898.0,1,4,A,2,推球,,,2.0,7.0,748.0,473.0,1.0,6,789.0,287.0,,,,,8,689.0,508.0,8,627.0,289.0,0
5,7.0,00:11:16,16912.0,1,4,B,2,過渡切球,,1.0,1.0,6.0,789.0,287.0,2.0,2,808.0,448.0,,,,,8,668.0,300.0,8,710.0,512.0,0
5,8.0,00:11:17,16931.0,1,4,A,2,放小球,,,2.0,2.0,808.0,448.0,2.0,6,806.0,338.0,,,,,8,761.0,486.0,8,659.0,310.0,0
5,9.0,00:11:18,16955.0,1,4,B,2,挑球,,1.0,2.0,6.0,806.0,338.0,1.0,9,564.0,629.0,,,,,6,758.0,327.0,8,697.0,501.0,0
5,10.0,00:11:19,16990.0,1,4,A,2,點扣,1.0,,1.0,9.0,564.0,629.0,2.0,5,517.0,306.0,,,,,9,590.0,612.0,8,603.0,294.0,0
5,11.0,00:11:20,17001.0,1,4,B,2,擋小球,,,2.0,5.0,517.0,306.0,2.0,1,481.0,458.0,,,,,8,573.0,300.0,9,567.0,614.0,0
5,12.0,00:11:21,17025.0,1,4,A,2,挑球,,1.0,2.0,1.0,481.0,458.0,1.0,9,738.0,257.0,,,,,1,498.0,474.0,8,582.0,310.0,0
5,13.0,00:11:22,17056.0,1,4,B,3,點扣,1.0,,1.0,9.0,738.0,257.0,2.0,7,641.0,392.0,掛網,對手掛網,A,,9,675.0,254.0,8,689.0,523.0,0
6,1.0,00:11:44,17617.0,2,4,A,1,發短球,,1.0,2.0,,,,2.0,7,690.0,350.0,,,,,8,631.0,487.0,8,713.0,292.0,0
6,2.0,00:11:45,17637.0,2,4,B,2,挑球,,,2.0,7.0,690.0,350.0,1.0,4,854.0,627.0,,,,,8,713.0,337.0,8,656.0,486.0,0
6,3.0,00:11:46,17670.0,2,4,A,2,切球,,,1.0,4.0,854.0,627.0,2.0,5,481.0,341.0,,,,,9,805.0,628.0,8,647.0,297.0,0
6,4.0,00:11:47,17693.0,2,4,B,2,放小球,,,2.0,5.0,481.0,341.0,2.0,7,583.0,449.0,,,,,5,506.0,328.0,8,658.0,560.0,0
6,5.0,00:11:48,17715.0,2,4,A,2,挑球,,1.0,2.0,7.0,583.0,449.0,1.0,9,732.0,260.0,,,,,8,615.0,492.0,8,592.0,315.0,0
6,6.0,00:11:49,17746.0,2,4,B,2,點扣,1.0,,1.0,9.0,732.0,260.0,2.0,5,423.0,575.0,,,,,9,664.0,271.0,8,708.0,560.0,0
6,7.0,00:11:50,17760.0,2,4,A,2,擋小球,,1.0,2.0,5.0,423.0,575.0,1.0,5,464.0,332.0,,,,,8,688.0,562.0,8,688.0,274.0,0
6,8.0,00:11:51,17783.0,2,4,B,3,撲球,,,1.0,5.0,464.0,332.0,2.0,13,660.0,670.0,出界,對手出界,A,,5,472.0,329.0,8,557.0,544.0,0
7,1.0,00:12:33,18837.0,3,4,A,1,發短球,,1.0,2.0,,,,2.0,7,599.0,351.0,,,,,8,651.0,479.0,8,588.0,297.0,0
7,2.0,00:12:34,18855.0,3,4,B,2,推球,,,2.0,7.0,599.0,351.0,1.0,8,535.0,483.0,,,,,8,621.0,337.0,8,649.0,475.0,0
7,3.0,00:12:34,18868.0,3,4,A,2,推球,,1.0,1.0,8.0,535.0,483.0,1.0,8,662.0,305.0,,,,,8,671.0,483.0,8,606.0,323.0,0
7,4.0,00:12:35,18881.0,3,4,B,2,勾球,,1.0,1.0,8.0,662.0,305.0,2.0,1,495.0,428.0,,,,,8,595.0,314.0,8,679.0,504.0,0
7,5.0,00:12:36,18900.0,3,4,A,2,挑球,,1.0,2.0,1.0,495.0,428.0,1.0,3,520.0,268.0,,,,,7,536.0,464.0,8,602.0,311.0,0
7,6.0,00:12:36,18917.0,3,4,B,2,點扣,,,1.0,3.0,520.0,268.0,2.0,5,413.0,523.0,,,,,8,593.0,281.0,8,584.0,495.0,0
7,7.0,00:12:37,18927.0,3,4,A,3,防守回挑,,1.0,2.0,5.0,413.0,523.0,2.0,4,742.0,263.0,對手落地致勝,落地致勝,A,,8,639.0,530.0,5,525.0,275.0,0
8,1.0,00:13:04,19620.0,4,4,A,1,發短球,,1.0,2.0,,,,2.0,7,679.0,349.0,,,,,8,629.0,485.0,8,709.0,295.0,0
8,2.0,00:13:05,19640.0,4,4,B,2,放小球,,,2.0,7.0,679.0,349.0,2.0,7,670.0,445.0,,,,,7,700.0,342.0,8,653.0,483.0,0
8,3.0,00:13:06,19659.0,4,4,A,2,挑球,,,2.0,7.0,670.0,445.0,1.0,3,534.0,260.0,,,,,7,681.0,442.0,7,658.0,343.0,0
8,4.0,00:13:07,19699.0,4,4,B,2,點扣,,,1.0,3.0,534.0,260.0,2.0,5,408.0,549.0,,,,,9,565.0,255.0,8,648.0,519.0,0
8,5.0,00:13:08,19710.0,4,4,A,2,擋小球,,1.0,2.0,5.0,408.0,549.0,2.0,1,489.0,345.0,,,,,8,663.0,540.0,13,532.0,249.0,0
8,6.0,00:13:09,19732.0,4,4,B,2,放小球,,,2.0,1.0,489.0,345.0,2.0,1,444.0,444.0,,,,,1,527.0,343.0,8,559.0,523.0,0
8,7.0,00:13:10,19751.0,4,4,A,2,挑球,,1.0,2.0,1.0,444.0,444.0,1.0,3,501.0,259.0,,,,,1,489.0,464.0,8,559.0,333.0,0
8,8.0,00:13:11,19781.0,4,4,B,3,長球,,,1.0,3.0,501.0,259.0,2.0,12,933.0,617.0,出界,對手出界,A,,3,539.0,254.0,8,592.0,519.0,0
9,1.0,00:13:33,20344.0,4,5,A,1,發短球,,1.0,2.0,,,,2.0,1,499.0,345.0,,,,,8,648.0,481.0,8,581.0,300.0,0
9,2.0,00:13:34,20363.0,4,5,B,2,推球,,,2.0,1.0,499.0,345.0,1.0,5,407.0,511.0,,,,,8,535.0,340.0,8,649.0,484.0,0
9,3.0,00:13:35,20378.0,4,5,A,3,挑球,,1.0,1.0,5.0,407.0,511.0,2.0,14,459.0,252.0,出界,對手出界,B,,8,560.0,510.0,8,556.0,334.0,0
10,1.0,00:13:56,20918.0,5,5,B,1,發短球,,1.0,2.0,,,,2.0,7,627.0,437.0,,,,,8,644.0,318.0,8,516.0,530.0,0
10,2.0,00:13:57,20935.0,5,5,A,2,推球,,,2.0,7.0,627.0,437.0,1.0,3,514.0,267.0,,,,,7,546.0,456.0,8,615.0,312.0,0
10,3.0,00:13:58,20960.0,5,5,B,2,過渡切球,,,1.0,3.0,514.0,267.0,2.0,7,526.0,451.0,,,,,9,545.0,260.0,8,623.0,513.0,0
10,4.0,00:13:59,20979.0,5,5,A,2,放小球,,1.0,2.0,7.0,526.0,451.0,2.0,7,587.0,349.0,,,,,8,582.0,486.0,8,588.0,279.0,0
10,5.0,00:13:59,20999.0,5,5,B,2,放小球,,,2.0,7.0,587.0,349.0,2.0,1,485.0,425.0,,,,,8,610.0,340.0,8,617.0,490.0,0
10,6.0,00:14:00,21021.0,5,5,A,2,挑球,,1.0,2.0,1.0,485.0,425.0,1.0,3,497.0,256.0,,,,,7,545.0,448.0,8,589.0,320.0,0
10,7.0,00:14:02,21053.0,5,5,B,2,切球,,,1.0,3.0,497.0,256.0,2.0,7,521.0,452.0,,,,,13,531.0,251.0,8,626.0,517.0,0
10,8.0,00:14:02,21071.0,5,5,A,2,勾球,,1.0,2.0,7.0,521.0,452.0,2.0,7,745.0,355.0,,,,,8,578.0,489.0,9,552.0,265.0,0
10,9.0,00:14:03,21092.0,5,5,B,2,挑球,,1.0,2.0,7.0,745.0,355.0,1.0,9,591.0,625.0,,,,,8,694.0,332.0,8,648.0,504.0,0
10,10.0,00:14:04,21123.0,5,5,A,2,點扣,1.0,,1.0,9.0,591.0,625.0,2.0,5,485.0,292.0,,,,,9,592.0,621.0,8,609.0,296.0,0
10,11.0,00:14:05,21136.0,5,5,B,2,擋小球,,,2.0,5.0,485.0,292.0,2.0,1,480.0,456.0,,,,,8,575.0,292.0,9,580.0,607.0,0
10,12.0,00:14:06,21159.0,5,5,A,2,挑球,,1.0,2.0,1.0,480.0,456.0,1.0,3,478.0,258.0,,,,,8,522.0,486.0,8,573.0,317.0,0
10,13.0,00:14:07,21189.0,5,5,B,2,點扣,,,1.0,3.0,478.0,258.0,2.0,5,442.0,526.0,,,,,3,495.0,261.0,8,610.0,529.0,0
10,14.0,00:14:08,21200.0,5,5,A,2,擋小球,,1.0,2.0,5.0,442.0,526.0,1.0,1,477.0,344.0,,,,,8,639.0,535.0,3,523.0,269.0,0
10,15.0,00:14:08,21219.0,5,5,B,2,撲球,,,1.0,1.0,477.0,344.0,2.0,8,573.0,493.0,,,,,1,505.0,345.0,8,624.0,533.0,0
10,16.0,00:14:09,21227.0,5,5,A,2,推球,,1.0,2.0,8.0,573.0,493.0,1.0,8,588.0,339.0,,,,,8,616.0,550.0,5,509.0,340.0,0
10,17.0,00:14:09,21237.0,5,5,B,3,擋小球,,1.0,1.0,8.0,588.0,339.0,2.0,1,448.0,373.0,未過網,對手未過網,A,,8,544.0,325.0,8,651.0,548.0,0
11,1.0,00:14:34,21869.0,6,5,A,1,發短球,,1.0,2.0,,,,2.0,7,676.0,347.0,,,,,8,634.0,483.0,8,713.0,288.0,0
11,2.0,00:14:35,21887.0,6,5,B,2,推球,,,2.0,7.0,676.0,347.0,2.0,2,779.0,462.0,,,,,7,701.0,344.0,8,655.0,483.0,0
11,3.0,00:14:35,21897.0,6,5,A,2,推球,,,2.0,2.0,779.0,462.0,1.0,9,572.0,269.0,,,,,8,732.0,490.0,8,691.0,332.0,0
11,4.0,00:14:36,21913.0,6,5,B,3,擋小球,,,1.0,9.0,572.0,269.0,2.0,1,439.0,399.0,掛網,對手掛網,A,,8,657.0,310.0,8,721.0,518.0,0
12,1.0,00:14:57,22426.0,7,5,A,1,發長球,,1.0,2.0,,,,1.0,3,482.0,258.0,,,,,8,658.0,480.0,8,584.0,296.0,0
12,2.0,00:14:58,22458.0,7,5,B,2,過渡切球,,,1.0,3.0,482.0,258.0,2.0,1,484.0,463.0,,,,,3,510.0,256.0,8,639.0,523.0,0
12,3.0,00:14:59,22476.0,7,5,A,2,放小球,,1.0,2.0,1.0,484.0,463.0,2.0,7,581.0,353.0,,,,,8,527.0,494.0,9,558.0,271.0,0
12,4.0,00:14:59,22496.0,7,5,B,2,放小球,,1.0,2.0,7.0,581.0,353.0,2.0,1,475.0,436.0,,,,,8,569.0,341.0,8,625.0,508.0,0
12,5.0,00:15:00,22517.0,7,5,A,2,放小球,,1.0,2.0,1.0,475.0,436.0,2.0,1,489.0,349.0,,,,,1,505.0,449.0,8,578.0,327.0,0
12,6.0,00:15:01,22540.0,7,5,B,2,挑球,,,2.0,1.0,489.0,349.0,1.0,9,488.0,628.0,,,,,1,514.0,345.0,7,554.0,466.0,0
12,7.0,00:15:03,22579.0,7,5,A,2,點扣,1.0,,1.0,9.0,488.0,628.0,2.0,5,512.0,318.0,,,,,9,546.0,617.0,8,580.0,307.0,0
12,8.0,00:15:03,22592.0,7,5,B,2,勾球,,,2.0,5.0,512.0,318.0,2.0,7,752.0,445.0,,,,,8,548.0,303.0,9,543.0,618.0,0
12,9.0,00:15:04,22614.0,7,5,A,2,放小球,,,2.0,7.0,752.0,445.0,2.0,7,616.0,354.0,,,,,8,701.0,485.0,8,622.0,305.0,0
12,10.0,00:15:05,22635.0,7,5,B,2,挑球,,,2.0,7.0,616.0,354.0,1.0,5,444.0,604.0,,,,,8,639.0,328.0,8,647.0,490.0,0
12,11.0,00:15:06,22666.0,7,5,A,2,切球,1.0,,1.0,5.0,444.0,604.0,2.0,5,483.0,332.0,,,,,8,576.0,591.0,8,588.0,295.0,0
12,12.0,00:15:07,22680.0,7,5,B,2,放小球,,,2.0,5.0,483.0,332.0,2.0,7,616.0,436.0,,,,,5,527.0,307.0,8,574.0,589.0,0
12,13.0,00:15:08,22703.0,7,5,A,2,放小球,,,2.0,7.0,616.0,436.0,2.0,6,763.0,336.0,,,,,7,563.0,473.0,8,579.0,304.0,0
12,14.0,00:15:09,22726.0,7,5,B,2,挑球,,1.0,2.0,6.0,763.0,336.0,1.0,9,498.0,630.0,,,,,8,707.0,327.0,8,624.0,503.0,0
12,15.0,00:15:10,22759.0,7,5,A,2,切球,1.0,,1.0,9.0,498.0,630.0,2.0,5,498.0,318.0,,,,,9,574.0,609.0,8,603.0,299.0,0
12,16.0,00:15:10,22774.0,7,5,B,2,放小球,,,2.0,5.0,498.0,318.0,2.0,7,636.0,445.0,,,,,5,536.0,300.0,8,556.0,604.0,0
12,17.0,00:15:11,22797.0,7,5,A,2,放小球,,,2.0,7.0,636.0,445.0,2.0,1,480.0,354.0,,,,,8,594.0,490.0,8,590.0,308.0,0
12,18.0,00:15:12,22817.0,7,5,B,3,勾球,,,2.0,1.0,480.0,354.0,2.0,7,682.0,400.0,掛網,對手掛網,A,,1,508.0,351.0,8,615.0,512.0,0
13,1.0,00:15:42,23554.0,8,5,A,1,發短球,,1.0,2.0,,,,2.0,8,665.0,341.0,,,,,8,631.0,489.0,8,712.0,294.0,0
13,2.0,00:15:42,23571.0,8,5,B,3,推球,,,2.0,8.0,665.0,341.0,2.0,13,508.0,670.0,出界,對手出界,A,,8,711.0,336.0,8,664.0,494.0,0
14,1.0,00:16:02,24060.0,8,6,A,1,發長球,,1.0,2.0,,,,1.0,8,542.0,274.0,,,,,8,651.0,481.0,8,590.0,295.0,0
14,2.0,00:16:03,24090.0,8,6,B,2,點扣,,,1.0,8.0,542.0,274.0,2.0,8,573.0,502.0,,,,,9,566.0,260.0,8,634.0,530.0,0
14,3.0,00:16:03,24099.0,8,6,A,2,擋小球,,1.0,2.0,8.0,573.0,502.0,1.0,8,621.0,340.0,,,,,8,668.0,526.0,9,564.0,261.0,0
14,4.0,00:16:04,24122.0,8,6,B,2,放小球,,1.0,1.0,8.0,621.0,340.0,2.0,1,452.0,458.0,,,,,8,591.0,327.0,8,655.0,544.0,0
14,5.0,00:16:05,24140.0,8,6,A,2,放小球,,1.0,2.0,1.0,452.0,458.0,2.0,1,471.0,354.0,,,,,7,519.0,466.0,8,591.0,311.0,0
14,6.0,00:16:06,24163.0,8,6,B,2,挑球,,,2.0,1.0,471.0,354.0,1.0,9,500.0,617.0,,,,,1,489.0,351.0,8,557.0,488.0,0
14,7.0,00:16:07,24198.0,8,6,A,2,殺球,1.0,,1.0,9.0,500.0,617.0,2.0,8,571.0,302.0,,,,,8,526.0,595.0,8,586.0,300.0,0
14,8.0,00:16:08,24207.0,8,6,B,2,平球,,,2.0,8.0,571.0,302.0,1.0,7,769.0,470.0,,,,,8,569.0,298.0,9,534.0,623.0,0
14,9.0,00:16:09,24231.0,8,6,A,2,平球,,,1.0,7.0,769.0,470.0,1.0,8,590.0,307.0,,,,,8,717.0,496.0,8,618.0,299.0,0
14,10.0,00:16:09,24242.0,8,6,B,2,平球,,,1.0,8.0,590.0,307.0,1.0,7,623.0,472.0,,,,,8,602.0,299.0,8,692.0,502.0,0
14,11.0,00:16:10,24250.0,8,6,A,2,平球,1.0,,1.0,7.0,623.0,472.0,1.0,8,667.0,319.0,,,,,8,662.0,493.0,8,602.0,300.0,0
14,12.0,00:16:10,24267.0,8,6,B,2,放小球,,1.0,1.0,8.0,667.0,319.0,2.0,1,475.0,464.0,,,,,8,651.0,323.0,8,664.0,512.0,0
14,13.0,00:16:11,24287.0,8,6,A,2,挑球,,1.0,2.0,1.0,475.0,464.0,1.0,4,748.0,269.0,,,,,5,498.0,477.0,8,613.0,313.0,0
14,14.0,00:16:12,24316.0,8,6,B,2,殺球,1.0,,1.0,4.0,748.0,269.0,2.0,6,819.0,542.0,,,,,9,703.0,270.0,8,695.0,519.0,0
14,15.0,00:16:13,24326.0,8,6,A,2,防守回挑,,,2.0,6.0,819.0,542.0,1.0,8,561.0,286.0,,,,,8,755.0,548.0,9,732.0,263.0,0
14,16.0,00:16:13,24348.0,8,6,B,2,切球,,,1.0,8.0,561.0,286.0,2.0,7,519.0,471.0,,,,,8,619.0,279.0,8,652.0,530.0,0
14,17.0,00:16:14,24365.0,8,6,A,2,放小球,,1.0,2.0,7.0,519.0,471.0,2.0,7,601.0,349.0,,,,,7,562.0,473.0,8,582.0,292.0,0
14,18.0,00:16:15,24388.0,8,6,B,2,挑球,,1.0,2.0,7.0,601.0,349.0,1.0,9,499.0,615.0,,,,,8,599.0,334.0,8,621.0,503.0,0
14,19.0,00:16:16,24415.0,8,6,A,2,殺球,1.0,,1.0,9.0,499.0,615.0,2.0,8,653.0,310.0,,,,,8,544.0,586.0,8,594.0,303.0,0
14,20.0,00:16:17,24425.0,8,6,B,2,擋小球,,1.0,2.0,8.0,653.0,310.0,2.0,7,609.0,472.0,,,,,8,572.0,291.0,8,542.0,604.0,0
14,21.0,00:16:17,24447.0,8,6,A,2,放小球,,1.0,2.0,7.0,609.0,472.0,1.0,7,657.0,364.0,,,,,8,623.0,497.0,8,616.0,298.0,0
14,22.0,00:16:18,24469.0,8,6,B,2,挑球,,1.0,1.0,7.0,657.0,364.0,1.0,3,426.0,617.0,,,,,7,639.0,353.0,8,646.0,489.0,0
14,23.0,00:16:20,24500.0,8,6,A,2,切球,1.0,,1.0,3.0,426.0,617.0,2.0,5,497.0,311.0,,,,,8,541.0,590.0,8,594.0,316.0,0
14,24.0,00:16:20,24516.0,8,6,B,2,平球,,,2.0,5.0,497.0,311.0,1.0,8,629.0,476.0,,,,,5,526.0,302.0,8,513.0,594.0,0
14,25.0,00:16:21,24534.0,8,6,A,2,推球,1.0,,1.0,8.0,629.0,476.0,1.0,8,547.0,316.0,,,,,8,581.0,484.0,8,555.0,305.0,0
14,26.0,00:16:21,24543.0,8,6,B,3,推球,,,1.0,8.0,547.0,316.0,2.0,4,891.0,619.0,對手落地致勝,落地致勝,B,,8,579.0,309.0,8,592.0,498.0,0
15,1.0,00:16:58,25460.0,8,7,B,1,發短球,,1.0,2.0,,,,2.0,7,732.0,454.0,,,,,8,622.0,319.0,8,712.0,532.0,0
15,2.0,00:16:59,25477.0,8,7,A,2,勾球,,,2.0,7.0,732.0,454.0,2.0,1,475.0,350.0,,,,,7,728.0,456.0,8,624.0,317.0,0
15,3.0,00:16:59,25498.0,8,7,B,2,挑球,,,2.0,1.0,475.0,350.0,1.0,4,861.0,624.0,,,,,7,533.0,347.0,8,617.0,480.0,0
15,4.0,00:17:01,25530.0,8,7,A,2,切球,,,1.0,4.0,861.0,624.0,2.0,1,500.0,347.0,,,,,9,795.0,617.0,8,625.0,298.0,0
15,5.0,00:17:02,25553.0,8,7,B,2,放小球,,,2.0,1.0,500.0,347.0,2.0,7,648.0,448.0,,,,,5,524.0,329.0,8,678.0,551.0,0
15,6.0,00:17:02,25573.0,8,7,A,2,挑球,,,2.0,7.0,648.0,448.0,1.0,3,487.0,254.0,,,,,8,588.0,486.0,8,589.0,317.0,0
15,7.0,00:17:03,25598.0,8,7,B,2,點扣,,,1.0,3.0,487.0,254.0,2.0,5,397.0,553.0,,,,,9,568.0,264.0,8,636.0,523.0,0
15,8.0,00:17:04,25609.0,8,7,A,2,防守回挑,,1.0,2.0,5.0,397.0,553.0,1.0,9,631.0,271.0,,,,,8,658.0,540.0,3,484.0,264.0,0
15,9.0,00:17:05,25633.0,8,7,B,2,點扣,1.0,,1.0,9.0,631.0,271.0,2.0,8,604.0,537.0,,,,,8,569.0,284.0,8,585.0,543.0,0
15,10.0,00:17:05,25641.0,8,7,A,3,擋小球,,1.0,2.0,8.0,604.0,537.0,2.0,7,637.0,409.0,掛網,對手掛網,B,,8,686.0,562.0,8,605.0,291.0,0
16,1.0,00:17:50,26751.0,9,7,B,1,發短球,,1.0,2.0,,,,2.0,7,520.0,454.0,,,,,8,646.0,309.0,8,513.0,526.0,0
16,2.0,00:17:50,26763.0,9,7,A,2,推球,,1.0,2.0,7.0,520.0,454.0,2.0,8,686.0,304.0,,,,,7,595.0,452.0,8,612.0,303.0,0
16,3.0,00:17:50,26771.0,9,7,B,2,推球,,1.0,2.0,8.0,686.0,304.0,1.0,8,714.0,486.0,,,,,8,588.0,304.0,7,592.0,452.0,0
16,4.0,00:17:51,26784.0,9,7,A,2,擋小球,,,1.0,8.0,714.0,486.0,2.0,8,721.0,327.0,,,,,8,641.0,496.0,8,602.0,306.0,0
16,5.0,00:17:52,26801.0,9,7,B,2,勾球,,1.0,2.0,8.0,721.0,327.0,2.0,1,476.0,449.0,,,,,8,710.0,324.0,8,737.0,528.0,0
16,6.0,00:17:52,26820.0,9,7,A,2,推球,,1.0,2.0,1.0,476.0,449.0,1.0,5,510.0,275.0,,,,,7,517.0,472.0,8,621.0,312.0,0
16,7.0,00:17:53,26837.0,9,7,B,3,點扣,,,1.0,5.0,510.0,275.0,2.0,7,633.0,398.0,掛網,對手掛網,A,,8,568.0,283.0,8,565.0,498.0,0
17,1.0,00:18:18,27452.0,10,7,A,1,發短球,,1.0,2.0,,,,2.0,7,663.0,350.0,,,,,8,634.0,482.0,8,715.0,294.0,0
17,2.0,00:18:18,27474.0,10,7,B,2,放小球,,,2.0,7.0,663.0,350.0,2.0,2,812.0,443.0,,,,,8,707.0,339.0,8,652.0,482.0,0
17,3.0,00:18:19,27494.0,10,7,A,2,挑球,,,2.0,2.0,812.0,443.0,1.0,4,791.0,255.0,,,,,7,766.0,471.0,8,651.0,320.0,0
17,4.0,00:18:20,27517.0,10,7,B,2,長球,,1.0,1.0,4.0,791.0,255.0,1.0,8,537.0,570.0,,,,,4,750.0,268.0,8,721.0,526.0,0
17,5.0,00:18:21,27545.0,10,7,A,2,點扣,1.0,,1.0,8.0,537.0,570.0,2.0,8,570.0,286.0,,,,,8,557.0,570.0,8,611.0,291.0,0
17,6.0,00:18:22,27555.0,10,7,B,2,防守回挑,,,2.0,8.0,570.0,286.0,1.0,8,586.0,605.0,,,,,8,578.0,286.0,8,528.0,563.0,0
17,7.0,00:18:23,27587.0,10,7,A,2,切球,,,1.0,8.0,586.0,605.0,2.0,5,482.0,335.0,,,,,8,578.0,593.0,8,598.0,298.0,0
17,8.0,00:18:24,27600.0,10,7,B,2,放小球,,,2.0,5.0,482.0,335.0,2.0,1,474.0,434.0,,,,,8,569.0,302.0,8,595.0,588.0,0
17,9.0,00:18:24,27622.0,10,7,A,2,勾球,,1.0,2.0,1.0,474.0,434.0,2.0,7,739.0,347.0,,,,,1,489.0,452.0,5,514.0,310.0,0
17,10.0,00:18:25,27644.0,10,7,B,2,挑球,,1.0,2.0,7.0,739.0,347.0,1.0,3,471.0,624.0,,,,,7,693.0,358.0,8,576.0,499.0,0
17,11.0,00:18:27,27679.0,10,7,A,2,長球,1.0,,1.0,3.0,471.0,624.0,1.0,3,474.0,260.0,,,,,9,503.0,613.0,8,613.0,304.0,0
17,12.0,00:18:28,27715.0,10,7,B,2,切球,,,1.0,3.0,474.0,260.0,2.0,2,783.0,461.0,,,,,3,484.0,259.0,8,588.0,552.0,0
17,13.0,00:18:29,27735.0,10,7,A,2,放小球,,,2.0,2.0,783.0,461.0,2.0,6,808.0,340.0,,,,,8,728.0,492.0,8,569.0,282.0,0
17,14.0,00:18:30,27758.0,10,7,B,2,挑球,,1.0,2.0,6.0,808.0,340.0,1.0,9,505.0,624.0,,,,,8,752.0,329.0,8,707.0,516.0,0
17,15.0,00:18:31,27790.0,10,7,A,2,切球,1.0,,1.0,9.0,505.0,624.0,2.0,5,462.0,315.0,,,,,9,560.0,611.0,8,610.0,298.0,0
17,16.0,00:18:32,27805.0,10,7,B,2,挑球,,,2.0,5.0,462.0,315.0,1.0,5,478.0,575.0,,,,,5,522.0,300.0,8,558.0,588.0,0
17,17.0,00:18:33,27830.0,10,7,A,2,點扣,1.0,,1.0,5.0,478.0,575.0,2.0,8,699.0,305.0,,,,,8,524.0,570.0,8,566.0,296.0,0
17,18.0,00:18:33,27847.0,10,7,B,2,擋小球,,1.0,2.0,8.0,699.0,305.0,2.0,7,526.0,434.0,,,,,8,610.0,297.0,8,564.0,567.0,0
17,19.0,00:18:34,27869.0,10,7,A,3,放小球,,1.0,2.0,7.0,526.0,434.0,2.0,1,466.0,380.0,對手落地致勝,落地致勝,A,,7,591.0,454.0,8,625.0,292.0,0
18,1.0,00:19:19,28987.0,11,7,A,1,發長球,,1.0,2.0,,,,1.0,14,465.0,263.0,,,,,8,649.0,477.0,8,587.0,295.0,0
18,2.0,00:19:20,29023.0,11,7,B,2,切球,,,1.0,14.0,465.0,263.0,2.0,1,477.0,472.0,,,,,3,501.0,264.0,8,618.0,529.0,0
18,3.0,00:19:21,29042.0,11,7,A,2,放小球,,1.0,2.0,1.0,477.0,472.0,2.0,1,457.0,352.0,,,,,8,552.0,502.0,8,567.0,294.0,0
18,4.0,00:19:22,29063.0,11,7,B,2,勾球,,,2.0,1.0,457.0,352.0,2.0,7,689.0,460.0,,,,,1,504.0,346.0,8,581.0,516.0,0
18,5.0,00:19:23,29084.0,11,7,A,2,挑球,,,2.0,7.0,689.0,460.0,1.0,3,492.0,267.0,,,,,8,642.0,482.0,8,601.0,324.0,0
18,6.0,00:19:24,29113.0,11,7,B,2,切球,,,1.0,3.0,492.0,267.0,2.0,2,845.0,462.0,,,,,3,508.0,266.0,8,636.0,530.0,0
18,7.0,00:19:25,29135.0,11,7,A,2,放小球,,,2.0,2.0,845.0,462.0,2.0,2,822.0,346.0,,,,,6,785.0,497.0,8,609.0,293.0,0
18,8.0,00:19:26,29159.0,11,7,B,2,推球,,1.0,2.0,2.0,822.0,346.0,2.0,4,878.0,622.0,,,,,2,767.0,347.0,8,709.0,499.0,0
18,9.0,00:19:27,29187.0,11,7,A,2,長球,,,2.0,4.0,878.0,622.0,1.0,5,514.0,276.0,,,,,9,794.0,626.0,8,674.0,319.0,0
18,10.0,00:19:28,29218.0,11,7,B,2,過渡切球,,,1.0,5.0,514.0,276.0,2.0,2,823.0,458.0,,,,,8,541.0,286.0,8,674.0,550.0,0
18,11.0,00:19:29,29244.0,11,7,A,2,放小球,,,2.0,2.0,823.0,458.0,2.0,2,807.0,349.0,,,,,8,740.0,487.0,8,607.0,303.0,0
18,12.0,00:19:30,29269.0,11,7,B,3,放小球,,1.0,2.0,2.0,807.0,349.0,2.0,2,831.0,398.0,掛網,對手掛網,A,,6,757.0,340.0,8,703.0,498.0,0
19,1.0,00:20:51,31279.0,11,8,A,1,發短球,,1.0,2.0,,,,2.0,7,682.0,358.0,,,,,8,632.0,488.0,8,712.0,297.0,0
19,2.0,00:20:51,31297.0,11,8,B,2,推球,,,2.0,7.0,682.0,358.0,2.0,7,757.0,462.0,,,,,7,704.0,346.0,8,655.0,484.0,0
19,3.0,00:20:52,31306.0,11,8,A,2,推球,,,2.0,7.0,757.0,462.0,1.0,8,731.0,325.0,,,,,8,705.0,487.0,8,687.0,331.0,0
19,4.0,00:20:52,31314.0,11,8,B,2,擋小球,,1.0,1.0,8.0,731.0,325.0,1.0,7,725.0,462.0,,,,,8,636.0,316.0,8,721.0,488.0,0
19,5.0,00:20:53,31328.0,11,8,A,3,推球,,,1.0,7.0,725.0,462.0,2.0,7,693.0,404.0,掛網,對手掛網,B,,8,707.0,495.0,8,653.0,310.0,0
21,1.0,00:21:44,32602.0,11,10,B,1,發短球,,1.0,2.0,,,,2.0,7,624.0,458.0,,,,,8,642.0,318.0,8,522.0,535.0,0
21,2.0,00:21:44,32618.0,11,10,A,2,推球,,,2.0,7.0,624.0,458.0,1.0,8,665.0,311.0,,,,,7,570.0,457.0,8,615.0,314.0,0
21,3.0,00:21:45,32628.0,11,10,B,2,擋小球,1.0,,1.0,8.0,665.0,311.0,2.0,7,686.0,456.0,,,,,8,590.0,307.0,7,593.0,470.0,0
21,4.0,00:21:45,32638.0,11,10,A,2,放小球,,,2.0,7.0,686.0,456.0,2.0,7,755.0,351.0,,,,,8,678.0,522.0,8,602.0,295.0,0
21,5.0,00:21:46,32656.0,11,10,B,2,挑球,,1.0,2.0,7.0,755.0,351.0,1.0,8,494.0,602.0,,,,,8,718.0,319.0,8,668.0,516.0,0
21,6.0,00:21:47,32683.0,11,10,A,2,切球,1.0,,1.0,8.0,494.0,602.0,2.0,1,495.0,345.0,,,,,8,595.0,576.0,8,602.0,297.0,0
21,7.0,00:21:48,32701.0,11,10,B,2,放小球,,,2.0,1.0,495.0,345.0,2.0,1,481.0,440.0,,,,,5,506.0,324.0,8,563.0,571.0,0
21,8.0,00:21:48,32723.0,11,10,A,2,放小球,,1.0,2.0,1.0,481.0,440.0,2.0,1,483.0,368.0,,,,,1,498.0,453.0,8,575.0,315.0,0
21,9.0,00:21:49,32745.0,11,10,B,2,挑球,,,2.0,1.0,483.0,368.0,1.0,3,476.0,627.0,,,,,1,516.0,349.0,8,546.0,483.0,0
21,10.0,00:21:51,32783.0,11,10,A,2,長球,1.0,,1.0,3.0,476.0,627.0,1.0,9,706.0,264.0,,,,,9,498.0,617.0,8,590.0,308.0,0
21,11.0,00:21:52,32816.0,11,10,B,2,點扣,1.0,,1.0,9.0,706.0,264.0,2.0,5,472.0,556.0,,,,,9,674.0,263.0,8,667.0,566.0,0
21,12.0,00:21:53,32827.0,11,10,A,2,擋小球,,1.0,2.0,5.0,472.0,556.0,2.0,5,489.0,338.0,,,,,8,698.0,560.0,9,670.0,264.0,0
21,13.0,00:21:54,32851.0,11,10,B,2,放小球,,,2.0,5.0,489.0,338.0,2.0,7,621.0,447.0,,,,,5,524.0,330.0,8,590.0,522.0,0
21,14.0,00:21:54,32866.0,11,10,A,2,推球,,,2.0,7.0,621.0,447.0,1.0,8,536.0,320.0,,,,,8,567.0,482.0,8,535.0,323.0,0
21,15.0,00:21:55,32875.0,11,10,B,2,推球,,,1.0,8.0,536.0,320.0,1.0,8,641.0,507.0,,,,,8,564.0,319.0,8,581.0,486.0,0
21,16.0,00:21:55,32885.0,11,10,A,2,推球,,,1.0,8.0,641.0,507.0,1.0,8,543.0,313.0,,,,,8,637.0,523.0,8,570.0,314.0,0
21,17.0,00:21:55,32896.0,11,10,B,2,擋小球,,,1.0,8.0,543.0,313.0,2.0,1,505.0,457.0,,,,,8,577.0,310.0,8,634.0,528.0,0
21,18.0,00:21:56,32913.0,11,10,A,2,放小球,,1.0,2.0,1.0,505.0,457.0,2.0,7,554.0,353.0,,,,,8,560.0,498.0,8,575.0,300.0,0
21,19.0,00:21:57,32937.0,11,10,B,2,挑球,,,2.0,7.0,554.0,353.0,1.0,9,786.0,621.0,,,,,7,584.0,343.0,8,613.0,500.0,0
21,20.0,00:21:58,32969.0,11,10,A,2,點扣,,,1.0,9.0,786.0,621.0,2.0,8,648.0,297.0,,,,,9,679.0,632.0,8,621.0,309.0,0
21,21.0,00:21:59,32978.0,11,10,B,2,擋小球,,1.0,2.0,8.0,648.0,297.0,2.0,7,539.0,471.0,,,,,8,595.0,301.0,9,741.0,652.0,0
21,22.0,00:22:00,33001.0,11,10,A,2,挑球,,1.0,2.0,7.0,539.0,471.0,1.0,9,660.0,259.0,,,,,8,581.0,498.0,8,599.0,305.0,0
21,23.0,00:22:01,33034.0,11,10,B,2,點扣,1.0,,1.0,9.0,660.0,259.0,2.0,5,478.0,544.0,,,,,9,641.0,262.0,8,682.0,533.0,0
21,24.0,00:22:01,33045.0,11,10,A,2,擋小球,,1.0,2.0,5.0,478.0,544.0,2.0,1,467.0,345.0,,,,,8,705.0,542.0,9,627.0,269.0,0
21,25.0,00:22:02,33068.0,11,10,B,2,勾球,,,2.0,1.0,467.0,345.0,2.0,2,802.0,444.0,,,,,5,506.0,333.0,8,594.0,517.0,0
21,26.0,00:22:03,33091.0,11,10,A,2,挑球,,,2.0,2.0,802.0,444.0,1.0,4,745.0,260.0,,,,,7,742.0,469.0,8,626.0,317.0,0
21,27.0,00:22:04,33120.0,11,10,B,2,長球,1.0,,1.0,4.0,745.0,260.0,1.0,9,563.0,629.0,,,,,9,700.0,265.0,8,727.0,533.0,0
21,28.0,00:22:05,33148.0,11,10,A,2,長球,1.0,,1.0,9.0,563.0,629.0,1.0,4,748.0,257.0,,,,,9,590.0,615.0,8,644.0,280.0,0
21,29.0,00:22:07,33178.0,11,10,B,2,點扣,1.0,,1.0,4.0,748.0,257.0,2.0,6,826.0,545.0,,,,,8,695.0,272.0,8,655.0,571.0,0
21,30.0,00:22:07,33189.0,11,10,A,2,防守回挑,,,2.0,6.0,826.0,545.0,1.0,8,744.0,275.0,,,,,8,742.0,544.0,9,710.0,269.0,0
21,31.0,00:22:08,33208.0,11,10,B,2,切球,1.0,,1.0,8.0,744.0,275.0,2.0,2,815.0,457.0,,,,,8,702.0,286.0,8,725.0,546.0,0
21,32.0,00:22:09,33228.0,11,10,A,2,挑球,,,2.0,2.0,815.0,457.0,1.0,4,780.0,268.0,,,,,6,786.0,486.0,8,666.0,298.0,0
21,33.0,00:22:10,33251.0,11,10,B,2,切球,1.0,,1.0,4.0,780.0,268.0,2.0,1,505.0,463.0,,,,,8,721.0,285.0,8,766.0,520.0,0
21,34.0,00:22:10,33272.0,11,10,A,3,放小球,,1.0,2.0,1.0,505.0,463.0,2.0,16,417.0,376.0,未過網,對手未過網,B,,8,517.0,496.0,8,692.0,281.0,0
22,1.0,00:22:51,34286.0,12,10,B,1,發短球,,1.0,2.0,,,,2.0,2,815.0,444.0,,,,,8,622.0,319.0,8,708.0,533.0,0
22,2.0,00:22:52,34304.0,12,10,A,3,放小球,,,2.0,2.0,815.0,444.0,2.0,2,809.0,391.0,對手落地致勝,落地致勝,A,,7,749.0,464.0,8,634.0,314.0,0
23,1.0,00:23:37,35429.0,13,10,A,1,發短球,,1.0,2.0,,,,2.0,7,561.0,345.0,,,,,8,654.0,482.0,8,591.0,299.0,0
23,2.0,00:23:38,35450.0,13,10,B,2,挑球,,,2.0,7.0,561.0,345.0,1.0,3,406.0,616.0,,,,,8,603.0,335.0,8,627.0,485.0,0
23,3.0,00:23:39,35477.0,13,10,A,2,點扣,1.0,,1.0,3.0,406.0,616.0,2.0,5,480.0,287.0,,,,,8,558.0,586.0,8,590.0,296.0,0
23,4.0,00:23:39,35488.0,13,10,B,2,擋小球,,,2.0,5.0,480.0,287.0,2.0,1,456.0,450.0,,,,,8,537.0,302.0,8,547.0,592.0,0
23,5.0,00:23:40,35508.0,13,10,A,2,挑球,,1.0,2.0,1.0,456.0,450.0,1.0,3,526.0,259.0,,,,,8,512.0,478.0,8,549.0,292.0,0
23,6.0,00:23:41,35536.0,13,10,B,2,切球,,,1.0,3.0,526.0,259.0,2.0,1,463.0,466.0,,,,,9,545.0,264.0,8,635.0,536.0,0
23,7.0,00:23:42,35554.0,13,10,A,2,放小球,,1.0,2.0,1.0,463.0,466.0,2.0,1,473.0,347.0,,,,,8,523.0,499.0,8,593.0,280.0,0
23,8.0,00:23:43,35577.0,13,10,B,3,推球,,,2.0,1.0,473.0,347.0,2.0,13,398.0,667.0,出界,對手出界,A,,5,515.0,336.0,8,561.0,491.0,0
24,1.0,00:24:05,36132.0,13,11,A,1,發短球,,1.0,2.0,,,,2.0,7,660.0,345.0,,,,,8,629.0,488.0,8,710.0,289.0,0
24,2.0,00:24:06,36151.0,13,11,B,2,放小球,,,2.0,7.0,660.0,345.0,2.0,7,645.0,443.0,,,,,8,698.0,340.0,8,679.0,489.0,0
24,3.0,00:24:06,36168.0,13,11,A,2,挑球,,1.0,2.0,7.0,645.0,443.0,1.0,9,681.0,263.0,,,,,8,681.0,485.0,8,632.0,315.0,0
24,4.0,00:24:07,36195.0,13,11,B,2,點扣,1.0,,1.0,9.0,681.0,263.0,2.0,6,855.0,555.0,,,,,9,670.0,266.0,8,704.0,531.0,0
24,5.0,00:24:08,36207.0,13,11,A,2,擋小球,,,2.0,6.0,855.0,555.0,2.0,6,790.0,335.0,,,,,8,715.0,563.0,9,660.0,262.0,0
24,6.0,00:24:09,36230.0,13,11,B,2,勾球,,1.0,2.0,6.0,790.0,335.0,2.0,7,528.0,447.0,,,,,8,735.0,326.0,8,790.0,542.0,0
24,7.0,00:24:10,36251.0,13,11,A,3,挑球,,1.0,2.0,7.0,528.0,447.0,2.0,13,780.0,241.0,出界,對手出界,B,,8,575.0,482.0,8,651.0,300.0,0
25,1.0,00:24:38,36969.0,14,11,B,1,發短球,,1.0,2.0,,,,2.0,7,599.0,454.0,,,,,8,645.0,313.0,8,513.0,533.0,0
25,2.0,00:24:39,36984.0,14,11,A,2,放小球,,,2.0,7.0,599.0,454.0,2.0,7,575.0,350.0,,,,,7,558.0,463.0,8,611.0,312.0,0
25,3.0,00:24:40,37001.0,14,11,B,2,勾球,,,2.0,7.0,575.0,350.0,2.0,7,763.0,428.0,,,,,8,596.0,328.0,8,634.0,494.0,0
25,4.0,00:24:40,37015.0,14,11,A,2,勾球,,,2.0,7.0,763.0,428.0,2.0,1,494.0,354.0,,,,,7,741.0,458.0,8,608.0,317.0,0
25,5.0,00:24:41,37036.0,14,11,B,2,挑球,,,2.0,1.0,494.0,354.0,1.0,5,469.0,588.0,,,,,7,545.0,346.0,8,635.0,481.0,0
25,6.0,00:24:42,37062.0,14,11,A,2,點扣,1.0,,1.0,5.0,469.0,588.0,2.0,8,626.0,293.0,,,,,8,545.0,581.0,8,592.0,304.0,0
25,7.0,00:24:42,37072.0,14,11,B,2,擋小球,,1.0,2.0,8.0,626.0,293.0,1.0,7,594.0,447.0,,,,,8,565.0,287.0,9,521.0,612.0,0
25,8.0,00:24:43,37092.0,14,11,A,2,推球,,,1.0,7.0,594.0,447.0,2.0,5,487.0,279.0,,,,,8,574.0,502.0,8,580.0,285.0,0
25,9.0,00:24:44,37105.0,14,11,B,2,推球,,,2.0,5.0,487.0,279.0,1.0,1,483.0,469.0,,,,,8,582.0,291.0,8,587.0,496.0,0
25,10.0,00:24:44,37116.0,14,11,A,2,推球,1.0,,1.0,1.0,483.0,469.0,1.0,8,542.0,305.0,,,,,8,554.0,539.0,5,518.0,294.0,0
25,11.0,00:24:45,37128.0,14,11,B,2,擋小球,,,1.0,8.0,542.0,305.0,2.0,1,464.0,455.0,,,,,8,561.0,308.0,8,615.0,538.0,0
25,12.0,00:24:45,37147.0,14,11,A,2,放小球,,1.0,2.0,1.0,464.0,455.0,2.0,7,593.0,354.0,,,,,8,518.0,484.0,8,579.0,313.0,0
25,13.0,00:24:46,37169.0,14,11,B,2,放小球,,1.0,2.0,7.0,593.0,354.0,2.0,1,455.0,443.0,,,,,7,563.0,342.0,8,611.0,506.0,0
25,14.0,00:24:47,37189.0,14,11,A,2,挑球,,1.0,2.0,1.0,455.0,443.0,1.0,9,573.0,261.0,,,,,1,487.0,448.0,8,571.0,340.0,0
25,15.0,00:24:48,37218.0,14,11,B,2,切球,,,1.0,9.0,573.0,261.0,2.0,7,554.0,466.0,,,,,9,606.0,264.0,8,630.0,514.0,0
25,16.0,00:24:49,37235.0,14,11,A,2,挑球,,1.0,2.0,7.0,554.0,466.0,1.0,4,751.0,258.0,,,,,8,608.0,505.0,9,603.0,267.0,0
25,17.0,00:24:50,37266.0,14,11,B,2,切球,1.0,,1.0,4.0,751.0,258.0,2.0,1,466.0,458.0,,,,,9,706.0,269.0,8,707.0,548.0,0
25,18.0,00:24:51,37287.0,14,11,A,2,放小球,,1.0,2.0,1.0,466.0,458.0,2.0,5,469.0,334.0,,,,,8,513.0,495.0,8,684.0,276.0,0
25,19.0,00:24:52,37308.0,14,11,B,2,放小球,,,2.0,5.0,469.0,334.0,2.0,7,633.0,453.0,,,,,5,500.0,324.0,8,583.0,517.0,0
25,20.0,00:24:53,37329.0,14,11,A,2,放小球,,,2.0,7.0,633.0,453.0,2.0,2,781.0,345.0,,,,,8,571.0,479.0,8,581.0,311.0,0
25,21.0,00:24:54,37352.0,14,11,B,2,放小球,,1.0,2.0,2.0,781.0,345.0,2.0,7,688.0,441.0,,,,,7,720.0,341.0,8,652.0,507.0,0
25,22.0,00:24:54,37371.0,14,11,A,2,放小球,,,2.0,7.0,688.0,441.0,2.0,2,810.0,348.0,,,,,8,696.0,486.0,8,665.0,325.0,0
25,23.0,00:24:55,37395.0,14,11,B,2,挑球,,1.0,2.0,2.0,810.0,348.0,1.0,3,478.0,623.0,,,,,7,744.0,351.0,8,690.0,501.0,0
25,24.0,00:24:57,37426.0,14,11,A,2,長球,1.0,,1.0,3.0,478.0,623.0,1.0,9,576.0,271.0,,,,,8,558.0,596.0,8,608.0,299.0,0
25,25.0,00:24:57,37444.0,14,11,B,2,切球,,,1.0,9.0,576.0,271.0,2.0,7,555.0,446.0,,,,,8,578.0,290.0,9,506.0,614.0,0
25,26.0,00:24:58,37465.0,14,11,A,2,挑球,,1.0,2.0,7.0,555.0,446.0,1.0,9,610.0,260.0,,,,,8,566.0,483.0,8,572.0,298.0,0
25,27.0,00:25:00,37516.0,14,11,B,2,殺球,,,1.0,9.0,610.0,260.0,2.0,5,473.0,556.0,,,,,9,610.0,263.0,8,676.0,544.0,0
25,28.0,00:25:01,37525.0,14,11,A,2,擋小球,,1.0,2.0,5.0,473.0,556.0,2.0,5,468.0,336.0,,,,,8,693.0,544.0,8,584.0,280.0,0
25,29.0,00:25:01,37545.0,14,11,B,2,勾球,,,2.0,5.0,468.0,336.0,2.0,7,713.0,458.0,,,,,5,518.0,331.0,8,620.0,532.0,0
25,30.0,00:25:02,37558.0,14,11,A,2,放小球,,,2.0,7.0,713.0,458.0,2.0,6,776.0,329.0,,,,,8,562.0,514.0,8,538.0,331.0,0
25,31.0,00:25:03,37576.0,14,11,B,2,挑球,,1.0,2.0,6.0,776.0,329.0,1.0,8,532.0,603.0,,,,,8,725.0,321.0,8,687.0,503.0,0
25,32.0,00:25:04,37603.0,14,11,A,2,長球,1.0,,1.0,8.0,532.0,603.0,1.0,9,715.0,261.0,,,,,8,592.0,566.0,8,622.0,301.0,0
25,33.0,00:25:05,37641.0,14,11,B,2,長球,1.0,,1.0,9.0,715.0,261.0,1.0,9,497.0,615.0,,,,,9,709.0,264.0,8,683.0,537.0,0
25,34.0,00:25:06,37671.0,14,11,A,2,點扣,1.0,,1.0,9.0,497.0,615.0,2.0,8,721.0,301.0,,,,,8,517.0,598.0,8,629.0,293.0,0
25,35.0,00:25:07,37683.0,14,11,B,2,防守回挑,,1.0,2.0,8.0,721.0,301.0,1.0,8,613.0,598.0,,,,,8,580.0,296.0,8,525.0,592.0,0
25,36.0,00:25:08,37712.0,14,11,A,3,點扣,1.0,,1.0,8.0,613.0,598.0,2.0,6,815.0,280.0,對手落地致勝,落地致勝,A,,8,610.0,602.0,8,606.0,296.0,0
26,1.0,00:26:02,39056.0,15,11,A,1,發短球,,1.0,2.0,,,,2.0,7,571.0,342.0,,,,,8,652.0,480.0,8,586.0,298.0,0
26,2.0,00:26:03,39080.0,15,11,B,2,放小球,,,2.0,7.0,571.0,342.0,2.0,1,460.0,453.0,,,,,8,577.0,327.0,8,659.0,487.0,0
26,3.0,00:26:04,39103.0,15,11,A,2,挑球,,1.0,2.0,1.0,460.0,453.0,1.0,3,482.0,257.0,,,,,1,497.0,469.0,8,574.0,318.0,0
26,4.0,00:26:05,39130.0,15,11,B,2,點扣,,,1.0,3.0,482.0,257.0,2.0,5,447.0,534.0,,,,,3,517.0,258.0,8,609.0,530.0,0
26,5.0,00:26:05,39141.0,15,11,A,2,擋小球,,1.0,2.0,5.0,447.0,534.0,1.0,5,464.0,340.0,,,,,8,629.0,526.0,3,527.0,266.0,0
26,6.0,00:26:06,39161.0,15,11,B,2,撲球,,,1.0,5.0,464.0,340.0,2.0,7,587.0,466.0,,,,,1,512.0,344.0,8,617.0,532.0,0
26,7.0,00:26:06,39170.0,15,11,A,3,推球,,,2.0,7.0,587.0,466.0,2.0,3,540.0,253.0,對手落地致勝,落地致勝,A,,8,610.0,541.0,5,520.0,341.0,0
27,1.0,00:26:36,39903.0,15,12,A,1,發短球,,1.0,2.0,,,,2.0,7,678.0,352.0,,,,,8,629.0,489.0,8,709.0,295.0,0
27,2.0,00:26:37,39928.0,15,12,B,2,挑球,,,2.0,7.0,678.0,352.0,1.0,3,456.0,626.0,,,,,8,698.0,326.0,8,693.0,496.0,0
27,3.0,00:26:38,39954.0,15,12,A,2,切球,1.0,,1.0,3.0,456.0,626.0,2.0,7,732.0,342.0,,,,,8,570.0,581.0,8,611.0,300.0,0
27,4.0,00:26:38,39969.0,15,12,B,2,放小球,,1.0,2.0,7.0,732.0,342.0,1.0,7,727.0,465.0,,,,,8,620.0,302.0,8,551.0,602.0,0
27,5.0,00:26:39,39990.0,15,12,A,2,推球,,,1.0,7.0,727.0,465.0,2.0,6,754.0,288.0,,,,,8,699.0,480.0,8,652.0,304.0,0
27,6.0,00:26:40,40001.0,15,12,B,2,挑球,,1.0,2.0,6.0,754.0,288.0,1.0,8,556.0,595.0,,,,,8,608.0,288.0,8,719.0,474.0,0
27,7.0,00:26:41,40030.0,15,12,A,2,長球,1.0,,1.0,8.0,556.0,595.0,1.0,9,694.0,256.0,,,,,8,612.0,561.0,8,618.0,296.0,0
27,8.0,00:26:42,40071.0,15,12,B,2,切球,1.0,,1.0,9.0,694.0,256.0,2.0,6,840.0,483.0,,,,,9,694.0,257.0,8,683.0,551.0,0
27,9.0,00:26:43,40089.0,15,12,A,2,挑球,,,2.0,6.0,840.0,483.0,1.0,5,520.0,273.0,,,,,6,795.0,509.0,8,687.0,283.0,0
27,10.0,00:26:44,40116.0,15,12,B,2,切球,,,1.0,5.0,520.0,273.0,2.0,1,472.0,462.0,,,,,5,535.0,274.0,8,684.0,513.0,0
27,11.0,00:26:45,40134.0,15,12,A,2,挑球,,1.0,2.0,1.0,472.0,462.0,1.0,3,480.0,267.0,,,,,8,537.0,481.0,8,555.0,290.0,0
27,12.0,00:26:46,40161.0,15,12,B,2,切球,,,1.0,3.0,480.0,267.0,2.0,1,469.0,468.0,,,,,5,518.0,274.0,8,632.0,536.0,0
27,13.0,00:26:47,40181.0,15,12,A,3,挑球,,1.0,2.0,1.0,469.0,468.0,2.0,14,457.0,264.0,出界,對手出界,B,,8,509.0,501.0,8,553.0,295.0,0
28,1.0,00:27:28,41209.0,16,12,B,1,發短球,,1.0,2.0,,,,2.0,7,773.0,462.0,,,,,8,625.0,317.0,8,713.0,531.0,0
28,2.0,00:27:28,41224.0,16,12,A,2,推球,,,2.0,7.0,773.0,462.0,1.0,6,793.0,284.0,,,,,7,672.0,454.0,8,620.0,319.0,0
28,3.0,00:27:29,41241.0,16,12,B,2,過渡切球,,1.0,1.0,6.0,793.0,284.0,2.0,2,814.0,453.0,,,,,6,755.0,291.0,8,727.0,492.0,0
28,4.0,00:27:30,41258.0,16,12,A,2,挑球,,,2.0,2.0,814.0,453.0,1.0,9,543.0,263.0,,,,,8,782.0,494.0,8,673.0,298.0,0
28,5.0,00:27:31,41286.0,16,12,B,3,切球,,,1.0,9.0,543.0,263.0,2.0,1,482.0,401.0,掛網,對手掛網,A,,9,577.0,260.0,8,688.0,511.0,0
29,1.0,00:27:51,41786.0,16,13,A,1,發短球,,1.0,2.0,,,,2.0,7,580.0,345.0,,,,,8,658.0,486.0,8,587.0,294.0,0
29,2.0,00:27:52,41804.0,16,13,B,2,勾球,,,2.0,7.0,580.0,345.0,2.0,7,771.0,456.0,,,,,8,592.0,334.0,8,651.0,488.0,0
29,3.0,00:27:52,41824.0,16,13,A,2,放小球,,,2.0,7.0,771.0,456.0,2.0,2,789.0,350.0,,,,,8,743.0,483.0,8,630.0,312.0,0
29,4.0,00:27:53,41848.0,16,13,B,2,放小球,,1.0,2.0,2.0,789.0,350.0,2.0,2,813.0,431.0,,,,,7,743.0,359.0,8,708.0,492.0,0
29,5.0,00:27:54,41870.0,16,13,A,2,挑球,,,2.0,2.0,813.0,431.0,1.0,9,709.0,259.0,,,,,2,782.0,445.0,8,704.0,340.0,0
29,6.0,00:27:56,41910.0,16,13,B,2,點扣,1.0,,1.0,9.0,709.0,259.0,2.0,5,476.0,532.0,,,,,9,710.0,265.0,8,706.0,517.0,0
29,7.0,00:27:56,41921.0,16,13,A,2,擋小球,,1.0,2.0,5.0,476.0,532.0,2.0,5,509.0,339.0,,,,,8,711.0,534.0,13,679.0,249.0,0
29,8.0,00:27:57,41946.0,16,13,B,2,放小球,,,2.0,5.0,509.0,339.0,2.0,1,448.0,465.0,,,,,8,556.0,315.0,8,577.0,505.0,0
29,9.0,00:27:58,41969.0,16,13,A,2,挑球,,1.0,2.0,1.0,448.0,465.0,1.0,9,721.0,261.0,,,,,8,520.0,476.0,8,554.0,305.0,0
29,10.0,00:27:59,41991.0,16,13,B,2,點扣,1.0,,1.0,9.0,721.0,261.0,2.0,5,472.0,538.0,,,,,8,634.0,275.0,8,652.0,545.0,0
29,11.0,00:28:00,42004.0,16,13,A,2,擋小球,,1.0,2.0,5.0,472.0,538.0,2.0,1,502.0,343.0,,,,,8,709.0,558.0,8,666.0,283.0,0
29,12.0,00:28:01,42027.0,16,13,B,2,勾球,,,2.0,1.0,502.0,343.0,2.0,2,789.0,440.0,,,,,8,547.0,338.0,8,559.0,511.0,0
29,13.0,00:28:01,42047.0,16,13,A,2,挑球,,,2.0,2.0,789.0,440.0,1.0,3,523.0,264.0,,,,,7,746.0,468.0,8,612.0,316.0,0
29,14.0,00:28:03,42075.0,16,13,B,2,切球,,,1.0,3.0,523.0,264.0,2.0,6,782.0,474.0,,,,,8,579.0,273.0,8,647.0,519.0,0
29,15.0,00:28:03,42092.0,16,13,A,2,放小球,,,2.0,6.0,782.0,474.0,1.0,2,768.0,345.0,,,,,8,682.0,528.0,5,531.0,280.0,0
29,16.0,00:28:04,42112.0,16,13,B,2,推球,,1.0,1.0,2.0,768.0,345.0,2.0,8,525.0,491.0,,,,,7,728.0,351.0,6,792.0,491.0,0
29,17.0,00:28:04,42123.0,16,13,A,2,擋小球,,1.0,2.0,8.0,525.0,491.0,1.0,7,667.0,352.0,,,,,8,749.0,505.0,7,710.0,353.0,0
29,18.0,00:28:05,42132.0,16,13,B,2,推球,,,1.0,7.0,667.0,352.0,2.0,8,595.0,534.0,,,,,8,680.0,341.0,8,554.0,521.0,0
29,19.0,00:28:05,42145.0,16,13,A,3,擋小球,,,2.0,8.0,595.0,534.0,2.0,1,497.0,404.0,掛網,對手掛網,B,,8,591.0,536.0,8,633.0,320.0,0
30,1.0,00:29:05,43639.0,17,13,B,1,發短球,,1.0,2.0,,,,2.0,7,606.0,461.0,,,,,8,643.0,315.0,8,516.0,535.0,0
30,2.0,00:29:06,43655.0,17,13,A,2,挑球,,,2.0,7.0,606.0,461.0,1.0,4,758.0,262.0,,,,,7,567.0,463.0,8,621.0,312.0,0
30,3.0,00:29:07,43690.0,17,13,B,2,切球,1.0,,1.0,4.0,758.0,262.0,2.0,2,821.0,456.0,,,,,9,718.0,258.0,8,713.0,522.0,0
30,4.0,00:29:08,43707.0,17,13,A,2,勾球,,,2.0,2.0,821.0,456.0,2.0,7,545.0,352.0,,,,,6,798.0,513.0,8,704.0,274.0,0
30,5.0,00:29:09,43730.0,17,13,B,2,勾球,,,2.0,7.0,545.0,352.0,2.0,2,801.0,446.0,,,,,7,579.0,343.0,8,683.0,502.0,0
30,6.0,00:29:10,43750.0,17,13,A,2,放小球,,,2.0,2.0,801.0,446.0,2.0,2,810.0,350.0,,,,,7,732.0,458.0,8,625.0,319.0,0
30,7.0,00:29:10,43771.0,17,13,B,2,挑球,,1.0,2.0,2.0,810.0,350.0,1.0,3,461.0,623.0,,,,,7,748.0,351.0,8,712.0,480.0,0
30,8.0,00:29:12,43800.0,17,13,A,2,點扣,1.0,,1.0,3.0,461.0,623.0,2.0,5,502.0,299.0,,,,,8,587.0,598.0,8,629.0,302.0,0
30,9.0,00:29:12,43815.0,17,13,B,2,擋小球,,,2.0,5.0,502.0,299.0,2.0,7,630.0,440.0,,,,,8,543.0,305.0,8,552.0,599.0,0
30,10.0,00:29:13,43832.0,17,13,A,2,推球,,,2.0,7.0,630.0,440.0,1.0,5,520.0,307.0,,,,,8,645.0,491.0,8,578.0,299.0,0
30,11.0,00:29:13,43843.0,17,13,B,3,推球,,,1.0,5.0,520.0,307.0,2.0,13,785.0,703.0,出界,對手出界,A,,8,573.0,308.0,8,656.0,516.0,0
31,1.0,00:29:44,44624.0,18,13,A,1,發短球,,1.0,2.0,,,,2.0,7,692.0,349.0,,,,,8,631.0,487.0,8,710.0,295.0,0
31,2.0,00:29:45,44642.0,18,13,B,2,推球,,,2.0,7.0,692.0,349.0,2.0,8,550.0,478.0,,,,,8,697.0,338.0,8,665.0,498.0,0
31,3.0,00:29:46,44651.0,18,13,A,2,推球,,1.0,2.0,8.0,550.0,478.0,1.0,8,602.0,324.0,,,,,8,690.0,507.0,8,697.0,333.0,0
31,4.0,00:29:46,44661.0,18,13,B,2,推球,,,1.0,8.0,602.0,324.0,2.0,7,627.0,468.0,,,,,8,607.0,313.0,8,657.0,525.0,0
31,5.0,00:29:46,44670.0,18,13,A,2,推球,,1.0,2.0,7.0,627.0,468.0,1.0,8,650.0,308.0,,,,,8,682.0,542.0,8,588.0,309.0,0
31,6.0,00:29:47,44683.0,18,13,B,2,推球,,,1.0,8.0,650.0,308.0,2.0,8,653.0,544.0,,,,,8,632.0,308.0,8,714.0,556.0,0
31,7.0,00:29:47,44692.0,18,13,A,2,擋小球,,1.0,2.0,8.0,653.0,544.0,2.0,7,664.0,350.0,,,,,8,717.0,561.0,8,646.0,315.0,0
31,8.0,00:29:48,44710.0,18,13,B,2,挑球,,1.0,2.0,7.0,664.0,350.0,1.0,8,548.0,583.0,,,,,8,648.0,334.0,8,721.0,558.0,0
31,9.0,00:29:49,44734.0,18,13,A,2,切球,1.0,,1.0,8.0,548.0,583.0,2.0,1,511.0,352.0,,,,,8,602.0,550.0,8,617.0,306.0,0
31,10.0,00:29:50,44757.0,18,13,B,2,放小球,,,2.0,1.0,511.0,352.0,2.0,1,500.0,437.0,,,,,5,517.0,340.0,8,606.0,562.0,0
31,11.0,00:29:51,44780.0,18,13,A,2,挑球,,1.0,2.0,1.0,500.0,437.0,1.0,9,713.0,262.0,,,,,7,522.0,463.0,8,562.0,333.0,0
31,12.0,00:29:52,44816.0,18,13,B,3,點扣,1.0,,1.0,9.0,713.0,262.0,2.0,7,595.0,399.0,掛網,對手掛網,A,,9,683.0,261.0,8,684.0,524.0,0
32,1.0,00:30:22,45555.0,18,14,A,1,發短球,,1.0,2.0,,,,2.0,7,601.0,349.0,,,,,8,657.0,483.0,8,583.0,299.0,0
32,2.0,00:30:22,45574.0,18,14,B,2,放小球,,1.0,2.0,7.0,601.0,349.0,2.0,1,474.0,435.0,,,,,8,598.0,338.0,8,646.0,510.0,0
32,3.0,00:30:23,45594.0,18,14,A,2,挑球,,1.0,2.0,1.0,474.0,435.0,1.0,9,696.0,260.0,,,,,7,511.0,470.0,8,588.0,323.0,0
32,4.0,00:30:24,45624.0,18,14,B,2,長球,1.0,,1.0,9.0,696.0,260.0,1.0,4,832.0,634.0,,,,,9,649.0,268.0,8,669.0,522.0,0
32,5.0,00:30:26,45661.0,18,14,A,2,切球,,,1.0,4.0,832.0,634.0,2.0,6,789.0,334.0,,,,,9,787.0,649.0,8,635.0,295.0,0
32,6.0,00:30:27,45677.0,18,14,B,2,放小球,,1.0,2.0,6.0,789.0,334.0,2.0,2,826.0,431.0,,,,,8,744.0,310.0,8,751.0,566.0,0
32,7.0,00:30:28,45700.0,18,14,A,2,挑球,,,2.0,2.0,826.0,431.0,1.0,4,789.0,262.0,,,,,8,766.0,483.0,8,665.0,312.0,0
32,8.0,00:30:29,45728.0,18,14,B,2,點扣,1.0,,1.0,4.0,789.0,262.0,2.0,5,446.0,539.0,,,,,8,713.0,277.0,8,694.0,540.0,0
32,9.0,00:30:29,45743.0,18,14,A,3,擋小球,,1.0,2.0,5.0,446.0,539.0,2.0,16,382.0,361.0,出界,對手出界,B,,8,705.0,549.0,9,732.0,271.0,0
33,1.0,00:31:15,46891.0,19,14,B,1,發短球,,1.0,2.0,,,,2.0,7,750.0,449.0,,,,,8,624.0,319.0,8,713.0,531.0,0
33,2.0,00:31:16,46903.0,19,14,A,2,推球,,,2.0,7.0,750.0,449.0,1.0,8,682.0,305.0,,,,,7,695.0,448.0,8,620.0,321.0,0
33,3.0,00:31:16,46911.0,19,14,B,2,推球,,1.0,1.0,8.0,682.0,305.0,1.0,7,664.0,461.0,,,,,8,608.0,317.0,7,705.0,455.0,0
33,4.0,00:31:16,46919.0,19,14,A,2,推球,,,1.0,7.0,664.0,461.0,1.0,8,603.0,305.0,,,,,7,714.0,472.0,8,612.0,304.0,0
33,5.0,00:31:17,46927.0,19,14,B,3,擋小球,,,1.0,8.0,603.0,305.0,2.0,1,493.0,376.0,未過網,對手未過網,A,,8,595.0,301.0,8,697.0,507.0,0
34,1.0,00:31:38,47456.0,20,14,A,1,發短球,,1.0,2.0,,,,2.0,7,681.0,348.0,,,,,8,627.0,484.0,8,710.0,292.0,0
34,2.0,00:31:39,47475.0,20,14,B,2,挑球,,,2.0,7.0,681.0,348.0,1.0,5,464.0,606.0,,,,,8,693.0,332.0,8,666.0,490.0,0
34,3.0,00:31:40,47503.0,20,14,A,2,點扣,1.0,,1.0,5.0,464.0,606.0,2.0,6,790.0,296.0,,,,,8,541.0,588.0,8,606.0,300.0,0
34,4.0,00:31:40,47518.0,20,14,B,2,擋小球,,1.0,2.0,6.0,790.0,296.0,2.0,7,776.0,456.0,,,,,8,604.0,293.0,8,510.0,590.0,0
34,5.0,00:31:41,47541.0,20,14,A,2,放小球,,,2.0,7.0,776.0,456.0,2.0,2,804.0,352.0,,,,,7,744.0,465.0,6,768.0,320.0,0
34,6.0,00:31:42,47563.0,20,14,B,2,挑球,,1.0,2.0,2.0,804.0,352.0,1.0,8,493.0,599.0,,,,,7,755.0,355.0,7,725.0,464.0,0
34,7.0,00:31:43,47592.0,20,14,A,2,長球,,1.0,1.0,8.0,493.0,599.0,1.0,8,547.0,276.0,,,,,8,526.0,596.0,8,624.0,310.0,0
34,8.0,00:31:44,47614.0,20,14,B,2,點扣,,,1.0,8.0,547.0,276.0,2.0,5,461.0,536.0,,,,,8,606.0,278.0,8,643.0,551.0,0
34,9.0,00:31:44,47624.0,20,14,A,2,防守回挑,,1.0,2.0,5.0,461.0,536.0,1.0,9,685.0,264.0,,,,,8,647.0,549.0,8,562.0,273.0,0
34,10.0,00:31:45,47646.0,20,14,B,2,切球,1.0,,1.0,9.0,685.0,264.0,2.0,7,608.0,453.0,,,,,8,596.0,283.0,8,666.0,544.0,0
34,11.0,00:31:46,47664.0,20,14,A,2,挑球,,1.0,2.0,7.0,608.0,453.0,1.0,4,782.0,263.0,,,,,8,651.0,495.0,8,649.0,291.0,0
34,12.0,00:31:47,47691.0,20,14,B,2,點扣,1.0,,1.0,4.0,782.0,263.0,2.0,5,489.0,536.0,,,,,8,701.0,273.0,8,701.0,551.0,0
34,13.0,00:31:48,47706.0,20,14,A,2,擋小球,,1.0,2.0,5.0,489.0,536.0,2.0,7,546.0,350.0,,,,,8,732.0,536.0,9,718.0,271.0,0
34,14.0,00:31:49,47731.0,20,14,B,2,放小球,,,2.0,7.0,546.0,350.0,2.0,7,548.0,432.0,,,,,7,575.0,345.0,8,586.0,504.0,0
34,15.0,00:31:50,47754.0,20,14,A,2,放小球,,1.0,2.0,7.0,548.0,432.0,2.0,7,591.0,356.0,,,,,7,581.0,439.0,8,585.0,341.0,0
34,16.0,00:31:51,47775.0,20,14,B,3,挑球,,1.0,2.0,7.0,591.0,356.0,2.0,7,574.0,399.0,掛網,對手掛網,A,,7,579.0,366.0,7,626.0,455.0,0
35,1.0,00:32:29,48744.0,21,14,A,1,發短球,,1.0,2.0,,,,2.0,7,602.0,347.0,,,,,8,656.0,485.0,8,591.0,297.0,0
35,2.0,00:32:30,48766.0,21,14,B,2,放小球,,1.0,2.0,7.0,602.0,347.0,2.0,2,826.0,456.0,,,,,8,575.0,332.0,8,612.0,491.0,0
35,3.0,00:32:31,48792.0,21,14,A,2,挑球,,,2.0,2.0,826.0,456.0,1.0,9,736.0,261.0,,,,,2,780.0,470.0,8,656.0,318.0,0
35,4.0,00:32:32,48823.0,21,14,B,2,切球,1.0,,1.0,9.0,736.0,261.0,2.0,7,533.0,452.0,,,,,9,716.0,267.0,8,713.0,544.0,0
35,5.0,00:32:33,48843.0,21,14,A,2,放小球,,1.0,2.0,7.0,533.0,452.0,2.0,7,616.0,349.0,,,,,8,572.0,486.0,9,713.0,266.0,0
35,6.0,00:32:34,48866.0,21,14,B,2,放小球,,1.0,2.0,7.0,616.0,349.0,2.0,1,472.0,420.0,,,,,7,610.0,347.0,8,623.0,504.0,0
35,7.0,00:32:35,48888.0,21,14,A,2,挑球,,1.0,2.0,1.0,472.0,420.0,1.0,4,750.0,264.0,,,,,7,515.0,440.0,7,573.0,342.0,0
35,8.0,00:32:36,48924.0,21,14,B,3,長球,,1.0,1.0,4.0,750.0,264.0,2.0,13,833.0,672.0,出界,對手出界,A,,9,726.0,270.0,8,682.0,502.0,0
1,1.0,00:35:05,52627.0,1,0,A,1,發短球,,1.0,2.0,,,,2.0,7,687.0,456.0,,,,,8,627.0,335.0,8,705.0,540.0,0
1,2.0,00:35:05,52645.0,1,0,B,2,勾球,,,2.0,7.0,687.0,456.0,2.0,1,513.0,350.0,,,,,8,658.0,478.0,8,632.0,329.0,0
1,3.0,00:35:06,52665.0,1,0,A,2,放小球,,,2.0,1.0,513.0,350.0,2.0,1,489.0,424.0,,,,,7,576.0,350.0,8,643.0,494.0,0
1,4.0,00:35:07,52685.0,1,0,B,2,推球,,1.0,2.0,1.0,489.0,424.0,1.0,8,662.0,295.0,,,,,7,536.0,448.0,8,588.0,331.0,0
1,5.0,00:35:07,52697.0,1,0,A,2,點扣,1.0,,1.0,8.0,662.0,295.0,2.0,7,626.0,465.0,,,,,8,587.0,325.0,7,567.0,464.0,0
1,6.0,00:35:08,52705.0,1,0,B,3,推球,,,2.0,7.0,626.0,465.0,2.0,13,747.0,242.0,出界,對手出界,A,,8,627.0,509.0,8,611.0,278.0,0
2,1.0,00:35:25,53142.0,1,1,A,1,發短球,,1.0,2.0,,,,2.0,7,613.0,441.0,,,,,8,646.0,330.0,8,530.0,545.0,0
2,2.0,00:35:26,53160.0,1,1,B,2,放小球,,,2.0,7.0,613.0,441.0,2.0,1,521.0,351.0,,,,,8,566.0,487.0,8,613.0,319.0,0
2,3.0,00:35:27,53183.0,1,1,A,2,放小球,,,2.0,1.0,521.0,351.0,2.0,1,445.0,457.0,,,,,8,560.0,334.0,8,631.0,498.0,0
2,4.0,00:35:28,53206.0,1,1,B,2,放小球,,1.0,2.0,1.0,445.0,457.0,2.0,1,441.0,368.0,,,,,1,503.0,451.0,8,577.0,325.0,0
2,5.0,00:35:29,53228.0,1,1,A,2,挑球,,,2.0,1.0,441.0,368.0,1.0,3,470.0,636.0,,,,,1,502.0,356.0,7,541.0,471.0,0
2,6.0,00:35:30,53258.0,1,1,B,2,長球,1.0,,1.0,3.0,470.0,636.0,1.0,9,733.0,257.0,,,,,9,488.0,609.0,8,560.0,323.0,0
2,7.0,00:35:31,53294.0,1,1,A,2,切球,1.0,,1.0,9.0,733.0,257.0,2.0,2,865.0,468.0,,,,,9,670.0,267.0,8,666.0,539.0,0
2,8.0,00:35:32,53309.0,1,1,B,2,放小球,,,2.0,2.0,865.0,468.0,2.0,2,796.0,351.0,,,,,8,787.0,510.0,9,681.0,268.0,0
2,9.0,00:35:33,53329.0,1,1,A,2,放小球,,1.0,2.0,2.0,796.0,351.0,2.0,7,660.0,435.0,,,,,8,745.0,338.0,8,758.0,528.0,0
2,10.0,00:35:33,53348.0,1,1,B,2,挑球,,,2.0,7.0,660.0,435.0,1.0,9,564.0,260.0,,,,,7,632.0,474.0,8,665.0,318.0,0
2,11.0,00:35:35,53375.0,1,1,A,3,點扣,,,1.0,9.0,564.0,260.0,2.0,1,476.0,401.0,掛網,對手掛網,B,,9,617.0,270.0,8,649.0,530.0,0
3,1.0,00:35:56,53909.0,1,2,B,1,發短球,,1.0,2.0,,,,2.0,7,670.0,347.0,,,,,8,629.0,511.0,8,710.0,302.0,0
3,2.0,00:35:57,53925.0,1,2,A,3,放小球,,1.0,2.0,7.0,670.0,347.0,2.0,16,405.0,448.0,出界,對手出界,B,,7,647.0,346.0,8,662.0,511.0,0
4,1.0,00:36:20,54507.0,2,2,B,1,發短球,,1.0,2.0,,,,2.0,1,490.0,349.0,,,,,8,664.0,506.0,8,587.0,303.0,0
4,2.0,00:36:21,54525.0,2,2,A,2,放小球,,,2.0,1.0,490.0,349.0,2.0,1,432.0,438.0,,,,,7,538.0,353.0,8,647.0,505.0,0
4,3.0,00:36:21,54547.0,2,2,B,2,挑球,,1.0,2.0,1.0,432.0,438.0,1.0,9,717.0,261.0,,,,,1,487.0,453.0,8,565.0,329.0,0
4,4.0,00:36:23,54584.0,2,2,A,2,切球,1.0,,1.0,9.0,717.0,261.0,2.0,2,830.0,464.0,,,,,9,664.0,271.0,8,684.0,538.0,0
4,5.0,00:36:24,54600.0,2,2,B,2,放小球,,,2.0,2.0,830.0,464.0,2.0,7,666.0,351.0,,,,,8,788.0,521.0,9,707.0,269.0,0
4,6.0,00:36:24,54620.0,2,2,A,2,放小球,,1.0,2.0,7.0,666.0,351.0,2.0,1,495.0,447.0,,,,,8,623.0,338.0,8,710.0,521.0,0
4,7.0,00:36:25,54641.0,2,2,B,2,挑球,,1.0,2.0,1.0,495.0,447.0,1.0,3,512.0,263.0,,,,,7,537.0,448.0,8,605.0,325.0,0
4,8.0,00:36:26,54674.0,2,2,A,2,點扣,,,1.0,3.0,512.0,263.0,2.0,8,714.0,526.0,,,,,9,555.0,263.0,8,626.0,538.0,0
4,9.0,00:36:27,54685.0,2,2,B,2,防守回抽,,1.0,2.0,8.0,714.0,526.0,2.0,4,756.0,270.0,,,,,8,683.0,547.0,3,519.0,259.0,0
4,10.0,00:36:28,54704.0,2,2,A,2,擋小球,,1.0,2.0,4.0,756.0,270.0,2.0,7,755.0,442.0,,,,,8,696.0,306.0,8,728.0,528.0,0
4,11.0,00:36:28,54721.0,2,2,B,2,推球,,,2.0,7.0,755.0,442.0,1.0,3,515.0,267.0,,,,,8,725.0,476.0,8,674.0,314.0,0
4,12.0,00:36:30,54751.0,2,2,A,2,過渡切球,,,1.0,3.0,515.0,267.0,2.0,1,506.0,430.0,,,,,8,547.0,274.0,8,612.0,503.0,0
4,13.0,00:36:30,54765.0,2,2,B,2,勾球,,1.0,2.0,1.0,506.0,430.0,2.0,2,765.0,349.0,,,,,8,562.0,475.0,8,563.0,277.0,0
4,14.0,00:36:31,54785.0,2,2,A,2,放小球,,1.0,2.0,2.0,765.0,349.0,2.0,2,785.0,435.0,,,,,8,710.0,336.0,8,651.0,510.0,0
4,15.0,00:36:32,54806.0,2,2,B,3,推球,,,2.0,2.0,785.0,435.0,2.0,7,718.0,409.0,掛網,對手掛網,A,,7,752.0,457.0,8,674.0,320.0,0
5,1.0,00:36:56,55411.0,2,3,A,1,發短球,,1.0,2.0,,,,2.0,7,701.0,460.0,,,,,8,626.0,333.0,8,709.0,540.0,0
5,2.0,00:36:57,55429.0,2,3,B,2,勾球,,,2.0,7.0,701.0,460.0,2.0,1,475.0,353.0,,,,,7,663.0,468.0,8,624.0,322.0,0
5,3.0,00:36:58,55451.0,2,3,A,2,放小球,,,2.0,1.0,475.0,353.0,2.0,1,462.0,438.0,,,,,5,516.0,341.0,8,612.0,493.0,0
5,4.0,00:36:58,55470.0,2,3,B,2,推球,,1.0,2.0,1.0,462.0,438.0,1.0,9,704.0,268.0,,,,,1,503.0,453.0,8,553.0,319.0,0
5,5.0,00:36:59,55483.0,2,3,A,2,過渡切球,,1.0,1.0,9.0,704.0,268.0,2.0,7,711.0,472.0,,,,,8,626.0,309.0,7,545.0,461.0,0
5,6.0,00:36:59,55494.0,2,3,B,2,推球,,,2.0,7.0,711.0,472.0,2.0,5,494.0,287.0,,,,,8,657.0,517.0,8,709.0,295.0,0
5,7.0,00:37:00,55515.0,2,3,A,2,擋小球,,,2.0,5.0,494.0,287.0,1.0,1,461.0,438.0,,,,,8,553.0,300.0,8,639.0,523.0,0
5,8.0,00:37:01,55531.0,2,3,B,2,推球,,1.0,1.0,1.0,461.0,438.0,2.0,8,604.0,296.0,,,,,1,498.0,452.0,8,539.0,299.0,0
5,9.0,00:37:01,55540.0,2,3,A,2,擋小球,,1.0,2.0,8.0,604.0,296.0,1.0,7,594.0,465.0,,,,,8,555.0,308.0,7,512.0,451.0,0
5,10.0,00:37:01,55549.0,2,3,B,3,撲球,,,1.0,7.0,594.0,465.0,2.0,8,644.0,308.0,對手落地致勝,落地致勝,B,,8,590.0,490.0,8,553.0,310.0,0
6,1.0,00:37:28,56223.0,2,4,B,1,發短球,,1.0,2.0,,,,2.0,7,661.0,344.0,,,,,8,632.0,507.0,8,719.0,298.0,0
6,2.0,00:37:29,56245.0,2,4,A,2,挑球,,1.0,2.0,7.0,661.0,344.0,1.0,3,455.0,628.0,,,,,8,663.0,330.0,8,659.0,511.0,0
6,3.0,00:37:30,56273.0,2,4,B,2,點扣,1.0,,1.0,3.0,455.0,628.0,2.0,5,492.0,286.0,,,,,9,532.0,611.0,8,580.0,300.0,0
6,4.0,00:37:31,56285.0,2,4,A,2,擋小球,,,2.0,5.0,492.0,286.0,2.0,1,478.0,460.0,,,,,8,560.0,287.0,9,496.0,613.0,0
6,5.0,00:37:32,56307.0,2,4,B,2,放小球,,1.0,2.0,1.0,478.0,460.0,2.0,1,484.0,350.0,,,,,8,526.0,490.0,8,582.0,300.0,0
6,6.0,00:37:33,56329.0,2,4,A,2,放小球,,,2.0,1.0,484.0,350.0,2.0,1,444.0,441.0,,,,,1,521.0,350.0,8,575.0,497.0,0
6,7.0,00:37:34,56351.0,2,4,B,2,放小球,,1.0,2.0,1.0,444.0,441.0,2.0,1,463.0,385.0,,,,,1,504.0,435.0,8,557.0,341.0,0
6,8.0,00:37:35,56382.0,2,4,A,3,放小球,,,2.0,1.0,463.0,385.0,2.0,1,495.0,393.0,掛網,對手掛網,B,,1,504.0,368.0,7,536.0,442.0,0
7,1.0,00:38:00,57020.0,3,4,B,1,發短球,,1.0,2.0,,,,2.0,7,556.0,352.0,,,,,8,662.0,500.0,8,588.0,304.0,0
7,2.0,00:38:01,57036.0,3,4,A,2,推球,,,2.0,7.0,556.0,352.0,1.0,5,466.0,519.0,,,,,7,575.0,352.0,8,658.0,505.0,0
7,3.0,00:38:01,57047.0,3,4,B,2,擋小球,,1.0,1.0,5.0,466.0,519.0,2.0,1,510.0,352.0,,,,,8,629.0,516.0,8,570.0,336.0,0
7,4.0,00:38:02,57067.0,3,4,A,2,放小球,,,2.0,1.0,510.0,352.0,2.0,1,442.0,436.0,,,,,8,531.0,336.0,8,591.0,512.0,0
7,5.0,00:38:03,57089.0,3,4,B,2,放小球,,1.0,2.0,1.0,442.0,436.0,2.0,1,456.0,363.0,,,,,1,485.0,451.0,8,581.0,319.0,0
7,6.0,00:38:04,57110.0,3,4,A,2,挑球,,,2.0,1.0,456.0,363.0,1.0,3,452.0,625.0,,,,,1,501.0,361.0,8,571.0,481.0,0
7,7.0,00:38:05,57146.0,3,4,B,2,點扣,1.0,,1.0,3.0,452.0,625.0,2.0,6,755.0,292.0,,,,,3,465.0,638.0,8,590.0,304.0,0
7,8.0,00:38:06,57158.0,3,4,A,2,擋小球,,1.0,2.0,6.0,755.0,292.0,2.0,2,795.0,464.0,,,,,8,574.0,302.0,9,484.0,635.0,0
7,9.0,00:38:07,57185.0,3,4,B,2,放小球,,,2.0,2.0,795.0,464.0,2.0,2,786.0,351.0,,,,,8,757.0,475.0,8,651.0,299.0,0
7,10.0,00:38:08,57206.0,3,4,A,2,挑球,,1.0,2.0,2.0,786.0,351.0,1.0,3,474.0,631.0,,,,,7,756.0,344.0,8,707.0,490.0,0
7,11.0,00:38:09,57240.0,3,4,B,3,點扣,1.0,,1.0,3.0,474.0,631.0,2.0,11,841.0,295.0,出界,對手出界,A,,9,526.0,631.0,8,601.0,311.0,0
8,1.0,00:39:00,58518.0,3,5,A,1,發短球,,1.0,2.0,,,,2.0,7,595.0,470.0,,,,,8,645.0,334.0,8,528.0,548.0,0
8,2.0,00:39:01,58534.0,3,5,B,2,放小球,,,2.0,7.0,595.0,470.0,2.0,7,578.0,350.0,,,,,8,548.0,477.0,8,622.0,320.0,0
8,3.0,00:39:02,58556.0,3,5,A,2,挑球,,,2.0,7.0,578.0,350.0,1.0,4,853.0,626.0,,,,,8,599.0,337.0,8,624.0,497.0,0
8,4.0,00:39:03,58584.0,3,5,B,2,切球,,,1.0,4.0,853.0,626.0,2.0,6,788.0,320.0,,,,,9,792.0,641.0,8,625.0,303.0,0
8,5.0,00:39:04,58601.0,3,5,A,2,放小球,,1.0,2.0,6.0,788.0,320.0,2.0,7,702.0,444.0,,,,,8,725.0,330.0,8,718.0,579.0,0
8,6.0,00:39:04,58620.0,3,5,B,2,放小球,,,2.0,7.0,702.0,444.0,2.0,7,616.0,360.0,,,,,7,658.0,466.0,8,656.0,314.0,0
8,7.0,00:39:05,58639.0,3,5,A,2,放小球,,1.0,2.0,7.0,616.0,360.0,2.0,1,454.0,428.0,,,,,7,603.0,347.0,8,640.0,488.0,0
8,8.0,00:39:06,58662.0,3,5,B,2,挑球,,1.0,2.0,1.0,454.0,428.0,1.0,3,518.0,264.0,,,,,7,529.0,438.0,7,562.0,346.0,0
8,9.0,00:39:07,58697.0,3,5,A,2,點扣,,,1.0,3.0,518.0,264.0,2.0,5,411.0,512.0,,,,,9,567.0,255.0,8,611.0,523.0,0
8,10.0,00:39:08,58707.0,3,5,B,2,擋小球,,1.0,2.0,5.0,411.0,512.0,2.0,1,470.0,347.0,,,,,8,655.0,537.0,9,564.0,257.0,0
8,11.0,00:39:09,58728.0,3,5,A,2,放小球,,,2.0,1.0,470.0,347.0,2.0,1,443.0,463.0,,,,,8,535.0,340.0,8,563.0,523.0,0
8,12.0,00:39:09,58748.0,3,5,B,2,挑球,,1.0,2.0,1.0,443.0,463.0,1.0,3,482.0,260.0,,,,,8,513.0,476.0,8,568.0,324.0,0
8,13.0,00:39:11,58776.0,3,5,A,2,切球,,,1.0,3.0,482.0,260.0,2.0,7,728.0,443.0,,,,,3,519.0,266.0,8,616.0,511.0,0
8,14.0,00:39:11,58792.0,3,5,B,2,勾球,,,2.0,7.0,728.0,443.0,2.0,5,463.0,340.0,,,,,8,690.0,500.0,9,560.0,267.0,0
8,15.0,00:39:12,58815.0,3,5,A,2,放小球,,,2.0,5.0,463.0,340.0,2.0,1,444.0,437.0,,,,,5,516.0,337.0,8,628.0,512.0,0
8,16.0,00:39:13,58835.0,3,5,B,2,挑球,,1.0,2.0,1.0,444.0,437.0,1.0,9,722.0,259.0,,,,,1,506.0,461.0,8,553.0,316.0,0
8,17.0,00:39:14,58866.0,3,5,A,2,點扣,1.0,,1.0,9.0,722.0,259.0,2.0,6,839.0,535.0,,,,,9,658.0,268.0,8,666.0,529.0,0
8,18.0,00:39:15,58876.0,3,5,B,2,防守回抽,,,2.0,6.0,839.0,535.0,2.0,5,524.0,311.0,,,,,8,733.0,540.0,8,693.0,272.0,0
8,19.0,00:39:16,58902.0,3,5,A,2,推球,,,2.0,5.0,524.0,311.0,2.0,8,739.0,482.0,,,,,8,577.0,317.0,8,697.0,529.0,0
8,20.0,00:39:16,58911.0,3,5,B,2,推球,,,2.0,8.0,739.0,482.0,2.0,8,547.0,299.0,,,,,8,676.0,516.0,8,583.0,322.0,0
8,21.0,00:39:16,58921.0,3,5,A,2,推球,,,2.0,8.0,547.0,299.0,2.0,8,508.0,500.0,,,,,8,599.0,307.0,8,674.0,516.0,0
8,22.0,00:39:17,58933.0,3,5,B,2,擋小球,,1.0,2.0,8.0,508.0,500.0,2.0,5,501.0,341.0,,,,,8,633.0,500.0,8,591.0,297.0,0
8,23.0,00:39:18,58953.0,3,5,A,2,挑球,,,2.0,5.0,501.0,341.0,1.0,5,405.0,536.0,,,,,8,544.0,320.0,8,636.0,521.0,0
8,24.0,00:39:18,58974.0,3,5,B,2,點扣,1.0,,1.0,5.0,405.0,536.0,2.0,8,598.0,303.0,,,,,8,559.0,547.0,8,557.0,304.0,0
8,25.0,00:39:19,58982.0,3,5,A,3,擋小球,,1.0,2.0,8.0,598.0,303.0,2.0,8,589.0,341.0,掛網,對手掛網,B,,8,549.0,298.0,8,539.0,547.0,0
9,1.0,00:39:53,59841.0,3,6,B,1,發短球,,1.0,2.0,,,,2.0,7,665.0,347.0,,,,,8,637.0,509.0,8,719.0,298.0,0
9,2.0,00:39:54,59859.0,3,6,A,2,挑球,,1.0,2.0,7.0,665.0,347.0,1.0,5,432.0,602.0,,,,,7,642.0,345.0,8,631.0,506.0,0
9,3.0,00:39:55,59886.0,3,6,B,2,點扣,1.0,,1.0,5.0,432.0,602.0,2.0,5,486.0,304.0,,,,,8,553.0,602.0,8,589.0,300.0,0
9,4.0,00:39:55,59897.0,3,6,A,2,擋小球,,,2.0,5.0,486.0,304.0,2.0,1,463.0,451.0,,,,,8,562.0,302.0,9,508.0,614.0,0
9,5.0,00:39:56,59919.0,3,6,B,2,放小球,,1.0,2.0,1.0,463.0,451.0,1.0,7,567.0,352.0,,,,,8,516.0,496.0,8,546.0,306.0,0
9,6.0,00:39:57,59935.0,3,6,A,2,撲球,,,1.0,7.0,567.0,352.0,2.0,8,504.0,519.0,,,,,7,585.0,363.0,8,589.0,506.0,0
9,7.0,00:39:57,59943.0,3,6,B,2,推球,1.0,,2.0,8.0,504.0,519.0,1.0,7,553.0,343.0,,,,,8,659.0,520.0,7,588.0,358.0,0
9,8.0,00:39:58,59950.0,3,6,A,3,推球,,,1.0,7.0,553.0,343.0,2.0,13,666.0,675.0,出界,對手出界,B,,8,555.0,335.0,8,650.0,524.0,0
10,1.0,00:40:25,60630.0,3,7,B,1,發短球,,1.0,2.0,,,,2.0,7,581.0,351.0,,,,,8,659.0,510.0,8,585.0,303.0,0
10,2.0,00:40:25,60647.0,3,7,A,2,放小球,,,2.0,7.0,581.0,351.0,2.0,2,775.0,440.0,,,,,8,586.0,341.0,8,659.0,504.0,0
10,3.0,00:40:26,60666.0,3,7,B,2,勾球,,,2.0,2.0,775.0,440.0,2.0,1,470.0,360.0,,,,,7,729.0,457.0,8,616.0,318.0,0
10,4.0,00:40:27,60692.0,3,7,A,2,挑球,,,2.0,1.0,470.0,360.0,1.0,3,435.0,630.0,,,,,7,536.0,349.0,8,614.0,479.0,0
10,5.0,00:40:29,60726.0,3,7,B,2,點扣,1.0,,1.0,3.0,435.0,630.0,2.0,5,517.0,302.0,,,,,3,458.0,627.0,8,573.0,303.0,0
10,6.0,00:40:29,60736.0,3,7,A,2,勾球,,,2.0,5.0,517.0,302.0,2.0,2,818.0,470.0,,,,,8,553.0,292.0,3,460.0,620.0,0
10,7.0,00:40:30,60761.0,3,7,B,2,放小球,,,2.0,2.0,818.0,470.0,2.0,2,825.0,352.0,,,,,8,744.0,513.0,8,624.0,291.0,0
10,8.0,00:40:31,60782.0,3,7,A,2,放小球,,1.0,2.0,2.0,825.0,352.0,2.0,2,842.0,434.0,,,,,2,781.0,343.0,8,754.0,532.0,0
10,9.0,00:40:32,60801.0,3,7,B,2,挑球,,,2.0,2.0,842.0,434.0,1.0,4,750.0,265.0,,,,,7,771.0,468.0,8,715.0,329.0,0
10,10.0,00:40:32,60823.0,3,7,A,2,點扣,1.0,,1.0,4.0,750.0,265.0,2.0,8,559.0,518.0,,,,,8,679.0,289.0,8,737.0,507.0,0
10,11.0,00:40:33,60833.0,3,7,B,2,擋小球,,1.0,2.0,8.0,559.0,518.0,2.0,5,524.0,327.0,,,,,8,745.0,521.0,8,651.0,280.0,0
10,12.0,00:40:34,60857.0,3,7,A,3,挑球,,,2.0,5.0,524.0,327.0,2.0,12,942.0,640.0,出界,對手出界,B,,8,556.0,313.0,8,624.0,518.0,0
11,1.0,00:41:16,61910.0,3,8,B,1,發短球,,1.0,2.0,,,,2.0,7,668.0,350.0,,,,,8,634.0,512.0,8,728.0,299.0,0
11,2.0,00:41:17,61929.0,3,8,A,2,放小球,,,2.0,7.0,668.0,350.0,2.0,1,445.0,443.0,,,,,7,684.0,346.0,8,673.0,510.0,0
11,3.0,00:41:18,61952.0,3,8,B,2,挑球,,1.0,2.0,1.0,445.0,443.0,1.0,4,780.0,263.0,,,,,1,507.0,454.0,8,611.0,322.0,0
11,4.0,00:41:19,61993.0,3,8,A,2,切球,1.0,,1.0,4.0,780.0,263.0,2.0,1,481.0,465.0,,,,,9,704.0,270.0,8,660.0,529.0,0
11,5.0,00:41:20,62011.0,3,8,B,2,放小球,,1.0,2.0,1.0,481.0,465.0,1.0,1,518.0,349.0,,,,,8,666.0,532.0,8,707.0,274.0,0
11,6.0,00:41:21,62033.0,3,8,A,2,撲球,,,1.0,1.0,518.0,349.0,2.0,8,735.0,497.0,,,,,7,555.0,358.0,8,561.0,514.0,0
11,7.0,00:41:21,62042.0,3,8,B,3,推球,,,2.0,8.0,735.0,497.0,2.0,4,749.0,264.0,對手落地致勝,落地致勝,B,,8,568.0,517.0,1,485.0,388.0,0
12,1.0,00:42:20,63514.0,3,9,B,1,發短球,,1.0,2.0,,,,2.0,7,571.0,351.0,,,,,8,662.0,507.0,8,585.0,299.0,0
12,2.0,00:42:21,63531.0,3,9,A,2,放小球,,,2.0,7.0,571.0,351.0,2.0,7,664.0,458.0,,,,,7,589.0,347.0,8,657.0,507.0,0
12,3.0,00:42:21,63544.0,3,9,B,2,放小球,,,2.0,7.0,664.0,458.0,2.0,1,511.0,348.0,,,,,8,665.0,505.0,8,577.0,332.0,0
12,4.0,00:42:22,63561.0,3,9,A,2,放小球,,,2.0,1.0,511.0,348.0,2.0,7,649.0,460.0,,,,,5,529.0,340.0,8,646.0,509.0,0
12,5.0,00:42:23,63580.0,3,9,B,2,挑球,,,2.0,7.0,649.0,460.0,1.0,3,525.0,262.0,,,,,8,625.0,490.0,8,625.0,322.0,0
12,6.0,00:42:24,63612.0,3,9,A,2,點扣,,,1.0,3.0,525.0,262.0,2.0,5,433.0,531.0,,,,,9,575.0,259.0,8,644.0,530.0,0
12,7.0,00:42:25,63626.0,3,9,B,2,擋小球,,1.0,2.0,5.0,433.0,531.0,2.0,7,578.0,353.0,,,,,8,606.0,510.0,8,577.0,277.0,0
12,8.0,00:42:25,63646.0,3,9,A,2,放小球,,,2.0,7.0,578.0,353.0,2.0,7,644.0,451.0,,,,,8,624.0,331.0,8,629.0,527.0,0
12,9.0,00:42:26,63661.0,3,9,B,2,放小球,,,2.0,7.0,644.0,451.0,2.0,1,492.0,354.0,,,,,8,630.0,501.0,8,614.0,319.0,0
12,10.0,00:42:27,63679.0,3,9,A,2,推球,,,2.0,1.0,492.0,354.0,1.0,4,848.0,608.0,,,,,8,552.0,340.0,8,639.0,519.0,0
12,11.0,00:42:28,63706.0,3,9,B,2,過渡切球,,,1.0,4.0,848.0,608.0,2.0,6,777.0,338.0,,,,,9,776.0,616.0,8,647.0,306.0,0
12,12.0,00:42:28,63724.0,3,9,A,2,勾球,,1.0,2.0,6.0,777.0,338.0,2.0,1,476.0,437.0,,,,,8,729.0,329.0,8,708.0,581.0,0
12,13.0,00:42:29,63747.0,3,9,B,2,放小球,,1.0,2.0,1.0,476.0,437.0,2.0,1,507.0,362.0,,,,,7,517.0,456.0,8,636.0,313.0,0
12,14.0,00:42:30,63770.0,3,9,A,2,挑球,,,2.0,1.0,507.0,362.0,1.0,9,520.0,626.0,,,,,7,527.0,365.0,7,581.0,461.0,0
12,15.0,00:42:32,63806.0,3,9,B,2,長球,1.0,,1.0,9.0,520.0,626.0,1.0,3,509.0,263.0,,,,,9,510.0,634.0,8,584.0,333.0,0
12,16.0,00:42:33,63841.0,3,9,A,2,過渡切球,,,1.0,3.0,509.0,263.0,2.0,1,443.0,458.0,,,,,9,542.0,265.0,8,611.0,533.0,0
12,17.0,00:42:34,63856.0,3,9,B,2,勾球,,1.0,2.0,1.0,443.0,458.0,2.0,2,761.0,345.0,,,,,1,492.0,474.0,8,561.0,277.0,0
12,18.0,00:42:35,63878.0,3,9,A,2,挑球,,1.0,2.0,2.0,761.0,345.0,1.0,9,546.0,628.0,,,,,8,711.0,327.0,8,626.0,506.0,0
12,19.0,00:42:36,63912.0,3,9,B,2,切球,1.0,,1.0,9.0,546.0,628.0,2.0,2,760.0,346.0,,,,,9,554.0,632.0,8,592.0,301.0,0
12,20.0,00:42:37,63933.0,3,9,A,2,放小球,,1.0,2.0,2.0,760.0,346.0,2.0,7,740.0,446.0,,,,,8,704.0,326.0,8,613.0,586.0,0
12,21.0,00:42:38,63956.0,3,9,B,2,勾球,,,2.0,7.0,740.0,446.0,2.0,1,486.0,352.0,,,,,7,695.0,471.0,8,654.0,319.0,0
12,22.0,00:42:39,63978.0,3,9,A,2,挑球,,,2.0,1.0,486.0,352.0,1.0,3,416.0,640.0,,,,,1,519.0,352.0,8,646.0,498.0,0
12,23.0,00:42:40,64012.0,3,9,B,2,切球,1.0,,1.0,3.0,416.0,640.0,2.0,1,476.0,350.0,,,,,9,505.0,624.0,8,587.0,319.0,0
12,24.0,00:42:41,64035.0,3,9,A,2,挑球,,,2.0,1.0,476.0,350.0,1.0,5,488.0,578.0,,,,,5,508.0,319.0,8,528.0,602.0,0
12,25.0,00:42:42,64059.0,3,9,B,2,切球,1.0,,1.0,5.0,488.0,578.0,2.0,1,506.0,352.0,,,,,8,511.0,558.0,5,533.0,314.0,0
12,26.0,00:42:43,64079.0,3,9,A,2,勾球,,,2.0,1.0,506.0,352.0,2.0,2,780.0,453.0,,,,,7,535.0,344.0,8,509.0,568.0,0
12,27.0,00:42:44,64104.0,3,9,B,2,挑球,,,2.0,2.0,780.0,453.0,1.0,4,802.0,260.0,,,,,7,713.0,457.0,8,643.0,330.0,0
12,28.0,00:42:45,64137.0,3,9,A,3,長球,,1.0,1.0,4.0,802.0,260.0,2.0,12,956.0,650.0,出界,對手出界,B,,6,767.0,274.0,8,722.0,528.0,0
13,1.0,00:43:10,64760.0,3,10,B,1,發長球,,1.0,2.0,,,,1.0,9,737.0,261.0,,,,,8,634.0,514.0,8,716.0,299.0,0
13,2.0,00:43:11,64787.0,3,10,A,2,長球,1.0,,1.0,9.0,737.0,261.0,1.0,3,422.0,629.0,,,,,8,679.0,294.0,8,684.0,538.0,0
13,3.0,00:43:13,64826.0,3,10,B,2,點扣,1.0,,1.0,3.0,422.0,629.0,2.0,8,612.0,297.0,,,,,3,471.0,637.0,8,607.0,298.0,0
13,4.0,00:43:13,64831.0,3,10,A,2,擋小球,,1.0,2.0,8.0,612.0,297.0,2.0,7,547.0,465.0,,,,,8,568.0,301.0,9,505.0,632.0,0
13,5.0,00:43:14,64854.0,3,10,B,2,放小球,,1.0,2.0,7.0,547.0,465.0,2.0,6,768.0,340.0,,,,,8,591.0,525.0,8,591.0,303.0,0
13,6.0,00:43:15,64875.0,3,10,A,2,放小球,,1.0,2.0,6.0,768.0,340.0,2.0,2,805.0,454.0,,,,,8,711.0,335.0,8,687.0,537.0,0
13,7.0,00:43:15,64897.0,3,10,B,2,挑球,,,2.0,2.0,805.0,454.0,1.0,4,775.0,259.0,,,,,8,767.0,480.0,8,661.0,304.0,0
13,8.0,00:43:17,64926.0,3,10,A,2,點扣,1.0,,1.0,4.0,775.0,259.0,2.0,5,482.0,532.0,,,,,8,700.0,274.0,8,691.0,534.0,0
13,9.0,00:43:17,64939.0,3,10,B,2,防守回抽,,1.0,2.0,5.0,482.0,532.0,2.0,3,490.0,265.0,,,,,8,721.0,539.0,8,724.0,278.0,0
13,10.0,00:43:18,64966.0,3,10,A,2,長球,,,2.0,3.0,490.0,265.0,1.0,8,517.0,606.0,,,,,5,527.0,288.0,8,582.0,501.0,0
13,11.0,00:43:20,65002.0,3,10,B,2,切球,1.0,,1.0,8.0,517.0,606.0,2.0,6,760.0,333.0,,,,,9,513.0,607.0,8,579.0,305.0,0
13,12.0,00:43:21,65025.0,3,10,A,2,放小球,,1.0,2.0,6.0,760.0,333.0,2.0,2,793.0,444.0,,,,,8,719.0,330.0,8,617.0,586.0,0
13,13.0,00:43:22,65050.0,3,10,B,2,挑球,,,2.0,2.0,793.0,444.0,1.0,3,537.0,265.0,,,,,7,760.0,451.0,8,688.0,322.0,0
13,14.0,00:43:22,65074.0,3,10,A,3,點扣,,,1.0,3.0,537.0,265.0,2.0,1,492.0,398.0,掛網,對手掛網,B,,8,623.0,276.0,8,672.0,503.0,0
14,1.0,00:44:07,66185.0,3,11,B,1,發長球,,1.0,2.0,,,,1.0,3,539.0,270.0,,,,,8,658.0,506.0,8,577.0,303.0,0
14,2.0,00:44:08,66209.0,3,11,A,2,點扣,,,1.0,3.0,539.0,270.0,2.0,5,432.0,533.0,,,,,8,561.0,277.0,8,656.0,527.0,0
14,3.0,00:44:08,66220.0,3,11,B,2,擋小球,,1.0,2.0,5.0,432.0,533.0,2.0,1,486.0,347.0,,,,,8,689.0,539.0,5,539.0,272.0,0
14,4.0,00:44:09,66244.0,3,11,A,2,挑球,,,2.0,1.0,486.0,347.0,1.0,5,400.0,587.0,,,,,8,531.0,334.0,8,552.0,504.0,0
14,5.0,00:44:10,66269.0,3,11,B,2,點扣,1.0,,1.0,5.0,400.0,587.0,2.0,8,621.0,304.0,,,,,8,519.0,578.0,8,565.0,310.0,0
14,6.0,00:44:11,66279.0,3,11,A,2,擋小球,,1.0,2.0,8.0,621.0,304.0,2.0,7,760.0,467.0,,,,,8,558.0,300.0,9,510.0,609.0,0
14,7.0,00:44:12,66301.0,3,11,B,2,勾球,,,2.0,7.0,760.0,467.0,2.0,1,513.0,345.0,,,,,8,697.0,529.0,8,605.0,296.0,0
14,8.0,00:44:13,66326.0,3,11,A,2,放小球,,,2.0,1.0,513.0,345.0,2.0,1,467.0,440.0,,,,,7,579.0,344.0,8,655.0,510.0,0
14,9.0,00:44:14,66350.0,3,11,B,2,挑球,,1.0,2.0,1.0,467.0,440.0,1.0,3,493.0,265.0,,,,,7,523.0,459.0,8,599.0,321.0,0
14,10.0,00:44:15,66383.0,3,11,A,2,切球,,,1.0,3.0,493.0,265.0,2.0,2,812.0,459.0,,,,,3,523.0,265.0,8,607.0,524.0,0
14,11.0,00:44:16,66406.0,3,11,B,2,勾球,,,2.0,2.0,812.0,459.0,2.0,1,488.0,353.0,,,,,8,770.0,484.0,8,599.0,284.0,0
14,12.0,00:44:17,66432.0,3,11,A,2,挑球,,,2.0,1.0,488.0,353.0,1.0,4,868.0,629.0,,,,,7,553.0,346.0,8,640.0,496.0,0
14,13.0,00:44:18,66466.0,3,11,B,2,長球,,,1.0,4.0,868.0,629.0,1.0,3,504.0,260.0,,,,,9,803.0,633.0,8,652.0,313.0,0
14,14.0,00:44:19,66498.0,3,11,A,2,長球,,,1.0,3.0,504.0,260.0,1.0,5,461.0,593.0,,,,,9,551.0,271.0,8,641.0,539.0,0
14,15.0,00:44:21,66527.0,3,11,B,3,點扣,1.0,,1.0,5.0,461.0,593.0,2.0,6,800.0,280.0,對手落地致勝,落地致勝,B,,8,499.0,589.0,8,596.0,295.0,0
15,1.0,00:45:58,68952.0,4,11,B,1,發短球,,1.0,2.0,,,,2.0,7,679.0,345.0,,,,,8,634.0,512.0,8,709.0,304.0,0
15,2.0,00:45:58,68969.0,4,11,A,2,推球,,1.0,2.0,7.0,679.0,345.0,1.0,8,549.0,494.0,,,,,7,641.0,348.0,8,670.0,514.0,0
15,3.0,00:45:59,68979.0,4,11,B,2,推球,1.0,,1.0,8.0,549.0,494.0,1.0,8,632.0,319.0,,,,,8,676.0,520.0,7,623.0,343.0,0
15,4.0,00:45:59,68987.0,4,11,A,2,推球,,,1.0,8.0,632.0,319.0,2.0,8,702.0,505.0,,,,,8,596.0,332.0,8,653.0,515.0,0
15,5.0,00:45:59,68997.0,4,11,B,2,擋小球,,,2.0,8.0,702.0,505.0,2.0,8,750.0,340.0,,,,,8,639.0,526.0,8,607.0,304.0,0
15,6.0,00:46:00,69016.0,4,11,A,3,推球,,1.0,2.0,8.0,750.0,340.0,2.0,14,353.0,650.0,對手落地致勝,落地致勝,A,,8,730.0,333.0,8,685.0,521.0,0
16,1.0,00:46:18,69461.0,4,12,A,1,發長球,,1.0,2.0,,,,,13,831.0,671.0,,,,,8,627.0,333.0,8,706.0,548.0,0
17,1.0,00:46:36,69913.0,4,13,B,1,發短球,,1.0,2.0,,,,2.0,7,565.0,356.0,,,,,8,661.0,506.0,8,576.0,300.0,0
17,2.0,00:46:37,69930.0,4,13,A,2,放小球,,,2.0,7.0,565.0,356.0,2.0,7,636.0,426.0,,,,,7,599.0,350.0,8,660.0,505.0,0
17,3.0,00:46:38,69951.0,4,13,B,2,放小球,,1.0,2.0,7.0,636.0,426.0,2.0,1,495.0,350.0,,,,,7,660.0,454.0,8,653.0,325.0,0
17,4.0,00:46:39,69975.0,4,13,A,2,挑球,,,2.0,1.0,495.0,350.0,1.0,3,377.0,648.0,,,,,1,528.0,348.0,8,596.0,484.0,0
17,5.0,00:46:40,70013.0,4,13,B,2,切球,1.0,,1.0,3.0,377.0,648.0,2.0,5,525.0,331.0,,,,,3,432.0,634.0,8,580.0,311.0,0
17,6.0,00:46:41,70033.0,4,13,A,2,推球,,,2.0,5.0,525.0,331.0,1.0,5,452.0,519.0,,,,,8,540.0,316.0,8,501.0,587.0,0
17,7.0,00:46:41,70047.0,4,13,B,2,點扣,1.0,,1.0,5.0,452.0,519.0,2.0,8,559.0,292.0,,,,,8,543.0,526.0,8,539.0,313.0,0
17,8.0,00:46:42,70056.0,4,13,A,2,勾球,,,2.0,8.0,559.0,292.0,2.0,6,799.0,485.0,,,,,8,568.0,296.0,8,554.0,494.0,0
17,9.0,00:46:43,70078.0,4,13,B,2,放小球,,,2.0,6.0,799.0,485.0,2.0,2,793.0,349.0,,,,,8,716.0,493.0,8,657.0,293.0,0
17,10.0,00:46:44,70100.0,4,13,A,3,勾球,,1.0,2.0,2.0,793.0,349.0,2.0,16,407.0,424.0,出界,對手出界,B,,2,767.0,350.0,8,705.0,507.0,0
18,1.0,00:47:08,70701.0,4,14,B,1,發短球,,1.0,2.0,,,,2.0,6,800.0,340.0,,,,,8,627.0,508.0,8,723.0,299.0,0
18,2.0,00:47:08,70722.0,4,14,A,2,放小球,,1.0,2.0,6.0,800.0,340.0,2.0,2,813.0,441.0,,,,,8,680.0,322.0,8,667.0,515.0,0
18,3.0,00:47:09,70744.0,4,14,B,2,放小球,,,2.0,2.0,813.0,441.0,2.0,2,799.0,389.0,,,,,2,789.0,449.0,8,664.0,314.0,0
18,4.0,00:47:10,70766.0,4,14,A,2,放小球,,1.0,2.0,2.0,799.0,389.0,1.0,2,791.0,405.0,,,,,7,757.0,365.0,7,739.0,459.0,0
18,5.0,00:47:11,70780.0,4,14,B,3,撲球,,,1.0,2.0,791.0,405.0,2.0,8,657.0,299.0,對手落地致勝,落地致勝,B,,7,731.0,433.0,7,728.0,344.0,0
19,1.0,00:47:38,71474.0,4,15,B,1,發短球,,1.0,2.0,,,,2.0,1,498.0,345.0,,,,,8,660.0,507.0,8,581.0,301.0,0
19,2.0,00:47:39,71493.0,4,15,A,2,推球,,,2.0,1.0,498.0,345.0,1.0,8,725.0,500.0,,,,,7,544.0,344.0,8,649.0,512.0,0
19,3.0,00:47:40,71505.0,4,15,B,3,挑球,,,1.0,8.0,725.0,500.0,2.0,5,495.0,296.0,對手落地致勝,落地致勝,B,,8,671.0,525.0,8,578.0,327.0,0
20,1.0,00:48:00,72010.0,5,15,B,1,發短球,,1.0,2.0,,,,2.0,7,656.0,349.0,,,,,8,633.0,512.0,8,712.0,301.0,0
20,2.0,00:48:01,72028.0,5,15,A,2,放小球,,1.0,2.0,7.0,656.0,349.0,2.0,1,479.0,414.0,,,,,8,662.0,336.0,8,656.0,513.0,0
20,3.0,00:48:02,72062.0,5,15,B,3,勾球,,1.0,2.0,1.0,479.0,414.0,2.0,2,840.0,417.0,未過網,對手未過網,A,,1,506.0,438.0,8,539.0,336.0,0
21,1.0,00:48:19,72477.0,6,15,A,1,發短球,,1.0,2.0,,,,2.0,7,577.0,458.0,,,,,8,648.0,334.0,8,525.0,546.0,0
21,2.0,00:48:19,72492.0,6,15,B,2,放小球,,,2.0,7.0,577.0,458.0,2.0,1,511.0,346.0,,,,,8,555.0,483.0,8,629.0,327.0,0
21,3.0,00:48:20,72510.0,6,15,A,2,放小球,,,2.0,1.0,511.0,346.0,2.0,1,492.0,419.0,,,,,7,542.0,343.0,8,611.0,505.0,0
21,4.0,00:48:21,72534.0,6,15,B,2,挑球,,1.0,2.0,1.0,492.0,419.0,1.0,8,687.0,272.0,,,,,7,514.0,439.0,8,574.0,334.0,0
21,5.0,00:48:23,72591.0,6,15,A,3,殺球,1.0,,1.0,8.0,687.0,272.0,2.0,6,873.0,546.0,對手落地致勝,落地致勝,A,,8,687.0,284.0,8,699.0,567.0,0
22,1.0,00:48:48,73220.0,6,16,A,1,發短球,,1.0,2.0,,,,2.0,7,691.0,461.0,,,,,8,628.0,332.0,8,707.0,544.0,0
22,2.0,00:48:49,73239.0,6,16,B,2,挑球,,,2.0,7.0,691.0,461.0,1.0,9,558.0,264.0,,,,,7,681.0,465.0,8,635.0,319.0,0
22,3.0,00:48:50,73268.0,6,16,A,3,點扣,,,1.0,9.0,558.0,264.0,2.0,11,928.0,532.0,出界,對手出界,B,,8,598.0,272.0,8,658.0,524.0,0
23,1.0,00:49:07,73681.0,6,17,B,1,發短球,,1.0,2.0,,,,2.0,7,574.0,345.0,,,,,8,664.0,506.0,8,575.0,295.0,0
23,2.0,00:49:07,73699.0,6,17,A,2,挑球,,1.0,2.0,7.0,574.0,345.0,1.0,3,473.0,624.0,,,,,8,551.0,328.0,8,638.0,496.0,0
23,3.0,00:49:09,73729.0,6,17,B,3,切球,1.0,,1.0,3.0,473.0,624.0,2.0,5,502.0,336.0,對手落地致勝,落地致勝,B,,9,526.0,612.0,8,588.0,295.0,0
24,1.0,00:49:27,74198.0,6,18,B,1,發短球,,1.0,2.0,,,,2.0,7,710.0,346.0,,,,,8,634.0,515.0,8,715.0,296.0,0
24,2.0,00:49:28,74215.0,6,18,A,2,推球,,1.0,2.0,7.0,710.0,346.0,1.0,6,828.0,569.0,,,,,8,659.0,335.0,8,645.0,511.0,0
24,3.0,00:49:29,74235.0,6,18,B,2,擋小球,,,1.0,6.0,828.0,569.0,2.0,2,808.0,346.0,,,,,8,718.0,577.0,8,653.0,313.0,0
24,4.0,00:49:30,74255.0,6,18,A,3,挑球,,1.0,2.0,2.0,808.0,346.0,2.0,14,344.0,620.0,出界,對手出界,B,,6,771.0,332.0,8,742.0,547.0,0
25,1.0,00:49:48,74724.0,6,19,B,1,發短球,,1.0,2.0,,,,2.0,7,578.0,343.0,,,,,8,655.0,505.0,8,576.0,301.0,0
25,2.0,00:49:49,74744.0,6,19,A,3,挑球,,,2.0,7.0,578.0,343.0,2.0,14,335.0,658.0,出界,對手出界,B,,8,590.0,328.0,8,649.0,506.0,0
26,1.0,00:50:06,75162.0,7,19,B,1,發短球,,1.0,2.0,,,,2.0,7,703.0,348.0,,,,,8,631.0,506.0,8,719.0,301.0,0
26,2.0,00:50:07,75175.0,7,19,A,2,放小球,,1.0,2.0,7.0,703.0,348.0,2.0,1,435.0,445.0,,,,,8,660.0,338.0,8,660.0,506.0,0
26,3.0,00:50:07,75196.0,7,19,B,2,挑球,,1.0,2.0,1.0,435.0,445.0,1.0,5,504.0,272.0,,,,,1,490.0,454.0,8,591.0,321.0,0
26,4.0,00:50:08,75224.0,7,19,A,2,點扣,,,1.0,5.0,504.0,272.0,2.0,5,438.0,554.0,,,,,8,556.0,278.0,8,575.0,529.0,0
26,5.0,00:50:09,75233.0,7,19,B,2,防守回抽,,1.0,2.0,5.0,438.0,554.0,2.0,8,592.0,300.0,,,,,8,648.0,553.0,5,524.0,276.0,0
26,6.0,00:50:09,75249.0,7,19,A,2,擋小球,,1.0,2.0,8.0,592.0,300.0,2.0,1,464.0,458.0,,,,,5,522.0,302.0,8,650.0,557.0,0
26,7.0,00:50:10,75271.0,7,19,B,3,勾球,,1.0,2.0,1.0,464.0,458.0,2.0,7,701.0,404.0,掛網,對手掛網,A,,1,488.0,472.0,8,599.0,321.0,0
27,1.0,00:50:28,75717.0,8,19,A,1,發長球,,1.0,2.0,,,,1.0,8,505.0,606.0,,,,,8,646.0,330.0,8,525.0,547.0,0
27,2.0,00:50:29,75744.0,8,19,B,2,點扣,1.0,,1.0,8.0,505.0,606.0,2.0,5,505.0,298.0,,,,,8,522.0,593.0,8,589.0,307.0,0
27,3.0,00:50:30,75754.0,8,19,A,2,擋小球,,,2.0,5.0,505.0,298.0,2.0,1,475.0,453.0,,,,,8,579.0,298.0,9,560.0,619.0,0
27,4.0,00:50:31,75778.0,8,19,B,2,放小球,,1.0,2.0,1.0,475.0,453.0,2.0,1,483.0,368.0,,,,,1,503.0,464.0,8,571.0,309.0,0
27,5.0,00:50:31,75799.0,8,19,A,2,放小球,,,2.0,1.0,483.0,368.0,2.0,1,440.0,418.0,,,,,1,522.0,357.0,7,552.0,472.0,0
27,6.0,00:50:32,75822.0,8,19,B,3,放小球,,1.0,2.0,1.0,440.0,418.0,2.0,1,452.0,410.0,掛網,對手掛網,A,,1,495.0,435.0,7,549.0,351.0,0
28,1.0,00:50:51,76281.0,9,19,A,1,發短球,,1.0,2.0,,,,2.0,7,755.0,455.0,,,,,8,623.0,333.0,8,709.0,545.0,0
28,2.0,00:50:51,76299.0,9,19,B,2,挑球,,,2.0,7.0,755.0,455.0,1.0,3,506.0,263.0,,,,,8,703.0,507.0,8,640.0,325.0,0
28,3.0,00:50:53,76333.0,9,19,A,2,點扣,,,1.0,3.0,506.0,263.0,2.0,5,449.0,531.0,,,,,3,530.0,264.0,8,649.0,531.0,0
28,4.0,00:50:53,76344.0,9,19,B,2,擋小球,,1.0,2.0,5.0,449.0,531.0,2.0,8,600.0,303.0,,,,,8,651.0,532.0,5,536.0,276.0,0
28,5.0,00:50:54,76363.0,9,19,A,2,推球,,1.0,2.0,8.0,600.0,303.0,2.0,6,820.0,556.0,,,,,8,572.0,317.0,8,618.0,519.0,0
28,6.0,00:50:55,76387.0,9,19,B,2,挑球,,,2.0,6.0,820.0,556.0,1.0,9,738.0,267.0,,,,,8,714.0,555.0,8,628.0,301.0,0
28,7.0,00:50:56,76421.0,9,19,A,2,點扣,1.0,,1.0,9.0,738.0,267.0,2.0,5,458.0,521.0,,,,,9,718.0,268.0,8,690.0,538.0,0
28,8.0,00:50:57,76436.0,9,19,B,3,擋小球,,1.0,2.0,5.0,458.0,521.0,2.0,7,526.0,404.0,掛網,對手掛網,A,,8,685.0,521.0,8,715.0,272.0,0
29,1.0,00:51:34,77350.0,10,19,A,1,發長球,,1.0,2.0,,,,1.0,5,399.0,605.0,,,,,8,644.0,333.0,8,530.0,549.0,0
29,2.0,00:51:35,77379.0,10,19,B,2,長球,,1.0,1.0,5.0,399.0,605.0,1.0,8,642.0,282.0,,,,,5,425.0,597.0,8,587.0,308.0,0
29,3.0,00:51:36,77404.0,10,19,A,3,點扣,1.0,,1.0,8.0,642.0,282.0,2.0,5,481.0,526.0,對手落地致勝,落地致勝,A,,8,627.0,302.0,8,649.0,571.0,0
30,1.0,00:51:50,77773.0,10,20,A,1,發短球,,1.0,2.0,,,,2.0,7,727.0,463.0,,,,,8,627.0,331.0,8,713.0,545.0,0
30,2.0,00:51:51,77794.0,10,20,B,2,推球,,,2.0,7.0,727.0,463.0,1.0,6,771.0,277.0,,,,,8,679.0,484.0,8,625.0,322.0,0
30,3.0,00:51:52,77812.0,10,20,A,2,長球,,1.0,1.0,6.0,771.0,277.0,1.0,6,887.0,594.0,,,,,8,697.0,297.0,8,687.0,513.0,0
30,4.0,00:51:53,77837.0,10,20,B,2,過渡切球,,,1.0,6.0,887.0,594.0,2.0,6,772.0,338.0,,,,,6,817.0,605.0,8,652.0,308.0,0
30,5.0,00:51:54,77853.0,10,20,A,3,推球,,1.0,2.0,6.0,772.0,338.0,2.0,14,326.0,606.0,出界,對手出界,B,,8,725.0,323.0,8,764.0,588.0,0
1,1.0,00:54:49,82230.0,1,0,B,1,發短球,,1.0,2.0,,,,2.0,7,710.0,461.0,,,,,8,624.0,318.0,8,708.0,529.0,0
1,2.0,00:54:49,82246.0,1,0,A,2,推球,,,2.0,7.0,710.0,461.0,1.0,5,528.0,323.0,,,,,7,682.0,466.0,8,622.0,320.0,0
1,3.0,00:54:50,82255.0,1,0,B,2,擋小球,,,1.0,5.0,528.0,323.0,2.0,7,582.0,454.0,,,,,8,613.0,321.0,8,669.0,477.0,0
1,4.0,00:54:50,82272.0,1,0,A,2,放小球,,1.0,2.0,7.0,582.0,454.0,2.0,2,762.0,349.0,,,,,8,610.0,495.0,8,598.0,306.0,0
1,5.0,00:54:51,82294.0,1,0,B,2,放小球,,1.0,2.0,2.0,762.0,349.0,2.0,7,682.0,450.0,,,,,7,736.0,346.0,8,662.0,497.0,0
1,6.0,00:54:52,82313.0,1,0,A,2,放小球,,,2.0,7.0,682.0,450.0,2.0,1,488.0,357.0,,,,,7,685.0,472.0,8,664.0,327.0,0
1,7.0,00:54:53,82336.0,1,0,B,2,挑球,,,2.0,1.0,488.0,357.0,1.0,4,869.0,630.0,,,,,7,533.0,361.0,7,586.0,473.0,0
1,8.0,00:54:54,82371.0,1,0,A,2,長球,,,1.0,4.0,869.0,630.0,1.0,9,723.0,266.0,,,,,9,787.0,624.0,8,624.0,302.0,0
1,9.0,00:54:55,82396.0,1,0,B,2,點扣,1.0,,1.0,9.0,723.0,266.0,2.0,8,710.0,541.0,,,,,8,702.0,280.0,8,727.0,571.0,0
1,10.0,00:54:56,82407.0,1,0,A,2,擋小球,,,2.0,8.0,710.0,541.0,2.0,8,534.0,339.0,,,,,8,722.0,548.0,9,673.0,270.0,0
1,11.0,00:54:57,82431.0,1,0,B,2,放小球,,,2.0,8.0,534.0,339.0,2.0,1,456.0,446.0,,,,,8,555.0,335.0,8,631.0,546.0,0
1,12.0,00:54:58,82452.0,1,0,A,2,挑球,,1.0,2.0,1.0,456.0,446.0,1.0,9,729.0,266.0,,,,,1,473.0,459.0,8,575.0,330.0,0
1,13.0,00:54:59,82475.0,1,0,B,2,點扣,1.0,,1.0,9.0,729.0,266.0,2.0,8,699.0,537.0,,,,,8,632.0,282.0,8,578.0,507.0,0
1,14.0,00:54:59,82485.0,1,0,A,2,擋小球,,1.0,2.0,8.0,699.0,537.0,2.0,8,721.0,339.0,,,,,8,688.0,558.0,9,665.0,266.0,0
1,15.0,00:55:00,82508.0,1,0,B,2,勾球,,1.0,2.0,8.0,721.0,339.0,2.0,1,505.0,448.0,,,,,8,681.0,329.0,8,704.0,545.0,0
1,16.0,00:55:01,82528.0,1,0,A,2,推球,,1.0,2.0,1.0,505.0,448.0,1.0,3,485.0,271.0,,,,,7,559.0,466.0,8,628.0,306.0,0
1,17.0,00:55:01,82548.0,1,0,B,2,過渡切球,,,1.0,3.0,485.0,271.0,2.0,1,484.0,463.0,,,,,8,575.0,285.0,8,603.0,504.0,0
1,18.0,00:55:02,82570.0,1,0,A,2,挑球,,1.0,2.0,1.0,484.0,463.0,1.0,3,497.0,258.0,,,,,8,550.0,487.0,8,563.0,299.0,0
1,19.0,00:55:04,82600.0,1,0,B,2,點扣,,,1.0,3.0,497.0,258.0,2.0,5,463.0,529.0,,,,,3,511.0,257.0,8,624.0,537.0,0
1,20.0,00:55:04,82611.0,1,0,A,2,擋小球,,1.0,2.0,5.0,463.0,529.0,2.0,1,476.0,345.0,,,,,8,648.0,528.0,3,518.0,266.0,0
1,21.0,00:55:05,82633.0,1,0,B,2,放小球,,,2.0,1.0,476.0,345.0,2.0,7,633.0,457.0,,,,,5,523.0,336.0,8,613.0,516.0,0
1,22.0,00:55:06,82650.0,1,0,A,2,挑球,,,2.0,7.0,633.0,457.0,1.0,3,523.0,263.0,,,,,7,576.0,468.0,8,570.0,322.0,0
1,23.0,00:55:07,82677.0,1,0,B,2,點扣,,,1.0,3.0,523.0,263.0,2.0,5,407.0,524.0,,,,,9,545.0,261.0,8,617.0,506.0,0
1,24.0,00:55:07,82689.0,1,0,A,2,擋小球,,1.0,2.0,5.0,407.0,524.0,1.0,5,502.0,332.0,,,,,8,631.0,496.0,9,555.0,264.0,0
1,25.0,00:55:08,82710.0,1,0,B,3,撲球,,,1.0,5.0,502.0,332.0,2.0,7,530.0,399.0,掛網,對手掛網,A,,5,519.0,319.0,8,537.0,540.0,0
2,1.0,00:55:33,83345.0,1,1,A,1,發短球,,1.0,2.0,,,,2.0,8,668.0,340.0,,,,,8,635.0,484.0,8,710.0,296.0,0
2,2.0,00:55:34,83363.0,1,1,B,2,放小球,,,2.0,8.0,668.0,340.0,2.0,2,851.0,455.0,,,,,8,709.0,334.0,8,672.0,496.0,0
2,3.0,00:55:35,83383.0,1,1,A,2,挑球,,,2.0,2.0,851.0,455.0,1.0,4,792.0,263.0,,,,,6,813.0,476.0,8,668.0,321.0,0
2,4.0,00:55:36,83409.0,1,1,B,2,點扣,1.0,,1.0,4.0,792.0,263.0,2.0,8,513.0,549.0,,,,,8,719.0,278.0,8,740.0,535.0,0
2,5.0,00:55:36,83420.0,1,1,A,2,擋小球,,1.0,2.0,8.0,513.0,549.0,2.0,5,522.0,332.0,,,,,8,738.0,559.0,8,731.0,278.0,0
2,6.0,00:55:37,83444.0,1,1,B,2,挑球,,,2.0,5.0,522.0,332.0,1.0,3,414.0,617.0,,,,,8,566.0,329.0,8,573.0,517.0,0
2,7.0,00:55:38,83472.0,1,1,A,2,點扣,1.0,,1.0,3.0,414.0,617.0,2.0,6,761.0,295.0,,,,,8,500.0,597.0,8,592.0,301.0,0
2,8.0,00:55:39,83484.0,1,1,B,2,防守回挑,,1.0,2.0,6.0,761.0,295.0,1.0,8,691.0,587.0,,,,,8,569.0,298.0,5,480.0,593.0,0
2,9.0,00:55:40,83509.0,1,1,A,3,點扣,,,1.0,8.0,691.0,587.0,2.0,7,578.0,403.0,掛網,對手掛網,B,,8,669.0,587.0,8,658.0,305.0,0
3,1.0,00:56:14,84363.0,2,1,B,1,發短球,,1.0,2.0,,,,2.0,7,606.0,458.0,,,,,8,642.0,316.0,8,511.0,534.0,0
3,2.0,00:56:15,84377.0,2,1,A,2,放小球,,,2.0,7.0,606.0,458.0,2.0,1,472.0,347.0,,,,,7,570.0,464.0,8,619.0,314.0,0
3,3.0,00:56:15,84398.0,2,1,B,3,挑球,,,2.0,1.0,472.0,347.0,2.0,13,453.0,666.0,出界,對手出界,A,,1,519.0,349.0,8,563.0,480.0,0
4,1.0,00:56:35,84897.0,3,1,A,1,發短球,,1.0,2.0,,,,2.0,7,596.0,350.0,,,,,8,648.0,479.0,8,589.0,299.0,0
4,2.0,00:56:36,84915.0,3,1,B,2,放小球,,,2.0,7.0,596.0,350.0,2.0,7,766.0,452.0,,,,,8,601.0,338.0,8,652.0,477.0,0
4,3.0,00:56:37,84932.0,3,1,A,2,勾球,,,2.0,7.0,766.0,452.0,2.0,1,513.0,356.0,,,,,7,726.0,463.0,8,629.0,326.0,0
4,4.0,00:56:38,84953.0,3,1,B,2,挑球,,,2.0,1.0,513.0,356.0,1.0,4,812.0,629.0,,,,,7,562.0,354.0,8,621.0,477.0,0
4,5.0,00:56:39,84986.0,3,1,A,2,切球,,,1.0,4.0,812.0,629.0,2.0,8,740.0,331.0,,,,,9,727.0,632.0,8,629.0,313.0,0
4,6.0,00:56:40,85006.0,3,1,B,2,放小球,,1.0,2.0,8.0,740.0,331.0,2.0,7,762.0,453.0,,,,,8,677.0,320.0,8,701.0,551.0,0
4,7.0,00:56:40,85024.0,3,1,A,2,推球,,,2.0,7.0,762.0,453.0,1.0,6,768.0,289.0,,,,,7,733.0,466.0,8,653.0,313.0,0
4,8.0,00:56:41,85036.0,3,1,B,2,推球,1.0,,1.0,6.0,768.0,289.0,2.0,8,508.0,516.0,,,,,8,637.0,306.0,8,731.0,487.0,0
4,9.0,00:56:42,85052.0,3,1,A,2,擋小球,,1.0,2.0,8.0,508.0,516.0,2.0,7,601.0,356.0,,,,,8,708.0,504.0,8,637.0,298.0,0
4,10.0,00:56:42,85074.0,3,1,B,2,放小球,,1.0,2.0,7.0,601.0,356.0,2.0,1,485.0,427.0,,,,,7,612.0,356.0,8,563.0,511.0,0
4,11.0,00:56:43,85094.0,3,1,A,2,挑球,,1.0,2.0,1.0,485.0,427.0,1.0,9,637.0,264.0,,,,,7,518.0,440.0,8,591.0,341.0,0
4,12.0,00:56:45,85139.0,3,1,B,2,點扣,1.0,,1.0,9.0,637.0,264.0,2.0,8,540.0,541.0,,,,,9,627.0,264.0,8,679.0,530.0,0
4,13.0,00:56:45,85149.0,3,1,A,2,擋小球,,1.0,2.0,8.0,540.0,541.0,2.0,5,480.0,335.0,,,,,8,700.0,546.0,9,608.0,258.0,0
4,14.0,00:56:46,85170.0,3,1,B,2,推球,,,2.0,5.0,480.0,335.0,1.0,5,413.0,532.0,,,,,5,514.0,321.0,8,639.0,530.0,0
4,15.0,00:56:47,85180.0,3,1,A,2,推球,,1.0,1.0,5.0,413.0,532.0,2.0,8,651.0,312.0,,,,,8,622.0,531.0,5,521.0,324.0,0
4,16.0,00:56:47,85190.0,3,1,B,2,推球,1.0,,2.0,8.0,651.0,312.0,2.0,8,627.0,505.0,,,,,8,544.0,324.0,5,494.0,503.0,0
4,17.0,00:56:48,85200.0,3,1,A,2,推球,,,2.0,8.0,627.0,505.0,2.0,5,535.0,301.0,,,,,8,635.0,514.0,8,575.0,314.0,0
4,18.0,00:56:48,85214.0,3,1,B,2,擋小球,,,2.0,5.0,535.0,301.0,2.0,1,424.0,458.0,,,,,8,585.0,304.0,8,653.0,536.0,0
4,19.0,00:56:49,85234.0,3,1,A,2,挑球,,1.0,2.0,1.0,424.0,458.0,1.0,3,494.0,267.0,,,,,1,453.0,473.0,8,577.0,312.0,0
4,20.0,00:56:50,85260.0,3,1,B,2,點扣,,,1.0,3.0,494.0,267.0,2.0,5,435.0,550.0,,,,,5,535.0,277.0,8,582.0,526.0,0
4,21.0,00:56:50,85269.0,3,1,A,2,防守回挑,,1.0,2.0,5.0,435.0,550.0,1.0,9,657.0,264.0,,,,,8,626.0,545.0,5,484.0,273.0,0
4,22.0,00:56:52,85302.0,3,1,B,2,點扣,1.0,,1.0,9.0,657.0,264.0,2.0,8,579.0,537.0,,,,,8,605.0,281.0,8,673.0,547.0,0
4,23.0,00:56:52,85311.0,3,1,A,2,擋小球,,1.0,2.0,8.0,579.0,537.0,1.0,1,514.0,350.0,,,,,8,710.0,559.0,8,647.0,279.0,0
4,24.0,00:56:53,85332.0,3,1,B,2,撲球,,,1.0,1.0,514.0,350.0,2.0,8,672.0,576.0,,,,,8,612.0,322.0,8,685.0,578.0,0
4,25.0,00:56:53,85342.0,3,1,A,2,推球,,,2.0,8.0,672.0,576.0,2.0,8,586.0,281.0,,,,,8,651.0,588.0,1,452.0,379.0,0
4,26.0,00:56:54,85371.0,3,1,B,3,長球,,1.0,2.0,8.0,586.0,281.0,2.0,11,936.0,602.0,出界,對手出界,A,,8,556.0,309.0,8,609.0,527.0,0
5,1.0,00:57:52,86807.0,4,1,A,1,發短球,,1.0,2.0,,,,2.0,7,663.0,342.0,,,,,8,632.0,495.0,8,712.0,293.0,0
5,2.0,00:57:53,86828.0,4,1,B,2,挑球,,,2.0,7.0,663.0,342.0,1.0,5,421.0,606.0,,,,,8,700.0,326.0,8,682.0,491.0,0
5,3.0,00:57:54,86861.0,4,1,A,3,點扣,1.0,,1.0,5.0,421.0,606.0,2.0,5,466.0,286.0,對手落地致勝,落地致勝,A,,8,518.0,603.0,8,599.0,299.0,0
6,1.0,00:58:20,87514.0,5,1,A,1,發短球,,1.0,2.0,,,,2.0,7,574.0,345.0,,,,,8,658.0,489.0,8,587.0,297.0,0
6,2.0,00:58:21,87533.0,5,1,B,2,推球,,,2.0,7.0,574.0,345.0,1.0,8,708.0,494.0,,,,,8,621.0,340.0,8,659.0,479.0,0
6,3.0,00:58:21,87542.0,5,1,A,2,推球,,,1.0,8.0,708.0,494.0,1.0,8,541.0,309.0,,,,,8,669.0,483.0,8,615.0,336.0,0
6,4.0,00:58:22,87553.0,5,1,B,3,推球,,,1.0,8.0,541.0,309.0,2.0,7,536.0,399.0,掛網,對手掛網,A,,8,596.0,319.0,8,675.0,536.0,0
7,1.0,00:58:41,88033.0,5,2,A,1,發短球,,1.0,2.0,,,,2.0,7,659.0,344.0,,,,,8,631.0,491.0,8,714.0,298.0,0
7,2.0,00:58:42,88051.0,5,2,B,2,放小球,,1.0,2.0,7.0,659.0,344.0,2.0,1,500.0,455.0,,,,,8,632.0,333.0,8,634.0,487.0,0
7,3.0,00:58:42,88068.0,5,2,A,2,放小球,,1.0,2.0,1.0,500.0,455.0,2.0,7,565.0,353.0,,,,,7,555.0,464.0,8,604.0,318.0,0
7,4.0,00:58:43,88087.0,5,2,B,2,放小球,,1.0,2.0,7.0,565.0,353.0,2.0,1,458.0,432.0,,,,,7,552.0,351.0,8,601.0,485.0,0
7,5.0,00:58:44,88108.0,5,2,A,2,挑球,,1.0,2.0,1.0,458.0,432.0,1.0,3,497.0,263.0,,,,,1,508.0,438.0,8,580.0,335.0,0
7,6.0,00:58:45,88147.0,5,2,B,2,切球,,,1.0,3.0,497.0,263.0,2.0,2,846.0,471.0,,,,,3,509.0,257.0,8,635.0,526.0,0
7,7.0,00:58:46,88169.0,5,2,A,2,放小球,,,2.0,2.0,846.0,471.0,2.0,2,799.0,347.0,,,,,8,780.0,500.0,8,611.0,292.0,0
7,8.0,00:58:47,88192.0,5,2,B,2,挑球,,1.0,2.0,2.0,799.0,347.0,1.0,3,475.0,618.0,,,,,7,752.0,347.0,8,712.0,506.0,0
7,9.0,00:58:48,88221.0,5,2,A,3,點扣,1.0,,1.0,3.0,475.0,618.0,2.0,1,461.0,405.0,掛網,對手掛網,B,,9,526.0,610.0,8,611.0,307.0,0
8,1.0,00:59:47,89694.0,6,2,B,1,發短球,,1.0,2.0,,,,2.0,2,780.0,459.0,,,,,8,625.0,322.0,8,710.0,539.0,0
8,2.0,00:59:48,89709.0,6,2,A,2,勾球,,,2.0,2.0,780.0,459.0,2.0,1,516.0,351.0,,,,,7,749.0,464.0,8,624.0,319.0,0
8,3.0,00:59:49,89727.0,6,2,B,2,勾球,,,2.0,1.0,516.0,351.0,2.0,7,769.0,461.0,,,,,7,553.0,348.0,8,659.0,480.0,0
8,4.0,00:59:49,89749.0,6,2,A,2,挑球,,,2.0,7.0,769.0,461.0,1.0,8,732.0,276.0,,,,,7,691.0,465.0,8,640.0,327.0,0
8,5.0,00:59:50,89771.0,6,2,B,2,點扣,1.0,,1.0,8.0,732.0,276.0,2.0,8,736.0,553.0,,,,,8,667.0,281.0,8,701.0,525.0,0
8,6.0,00:59:51,89781.0,6,2,A,2,擋小球,,,2.0,8.0,736.0,553.0,2.0,1,510.0,346.0,,,,,8,729.0,577.0,8,686.0,280.0,0
8,7.0,00:59:52,89805.0,6,2,B,2,放小球,,,2.0,1.0,510.0,346.0,2.0,1,487.0,450.0,,,,,8,559.0,325.0,8,641.0,564.0,0
8,8.0,00:59:53,89825.0,6,2,A,2,放小球,,1.0,2.0,1.0,487.0,450.0,2.0,1,469.0,363.0,,,,,1,498.0,458.0,8,576.0,319.0,0
8,9.0,00:59:53,89847.0,6,2,B,2,挑球,,,2.0,1.0,469.0,363.0,1.0,4,874.0,630.0,,,,,1,513.0,356.0,7,537.0,467.0,0
8,10.0,00:59:55,89881.0,6,2,A,2,點扣,,,1.0,4.0,874.0,630.0,2.0,6,777.0,299.0,,,,,9,758.0,625.0,8,614.0,315.0,0
8,11.0,00:59:55,89893.0,6,2,B,2,擋小球,,1.0,2.0,6.0,777.0,299.0,2.0,7,776.0,457.0,,,,,8,635.0,311.0,8,767.0,593.0,0
8,12.0,00:59:56,89911.0,6,2,A,3,推球,,,2.0,7.0,776.0,457.0,2.0,4,795.0,253.0,對手落地致勝,落地致勝,A,,8,703.0,477.0,8,673.0,311.0,0
9,1.0,01:00:21,90539.0,7,2,A,1,發短球,,1.0,2.0,,,,2.0,7,586.0,350.0,,,,,8,651.0,480.0,8,589.0,296.0,0
9,2.0,01:00:22,90558.0,7,2,B,2,放小球,,,2.0,7.0,586.0,350.0,2.0,7,744.0,460.0,,,,,8,607.0,334.0,8,648.0,484.0,0
9,3.0,01:00:23,90578.0,7,2,A,2,挑球,,,2.0,7.0,744.0,460.0,1.0,3,515.0,266.0,,,,,8,711.0,479.0,8,622.0,322.0,0
9,4.0,01:00:24,90605.0,7,2,B,2,點扣,,,1.0,3.0,515.0,266.0,2.0,5,458.0,554.0,,,,,9,587.0,267.0,8,648.0,527.0,0
9,5.0,01:00:24,90615.0,7,2,A,2,防守回挑,,1.0,2.0,5.0,458.0,554.0,1.0,8,612.0,281.0,,,,,8,656.0,541.0,3,523.0,259.0,0
9,6.0,01:00:25,90633.0,7,2,B,2,點扣,1.0,,1.0,8.0,612.0,281.0,2.0,8,498.0,566.0,,,,,8,592.0,290.0,8,655.0,550.0,0
9,7.0,01:00:25,90643.0,7,2,A,2,擋小球,,1.0,2.0,8.0,498.0,566.0,2.0,5,460.0,318.0,,,,,8,681.0,566.0,8,609.0,309.0,0
9,8.0,01:00:26,90665.0,7,2,B,2,挑球,,,2.0,5.0,460.0,318.0,1.0,5,436.0,568.0,,,,,5,521.0,320.0,8,586.0,526.0,0
9,9.0,01:00:27,90685.0,7,2,A,2,點扣,1.0,,1.0,5.0,436.0,568.0,2.0,8,617.0,303.0,,,,,5,481.0,572.0,8,555.0,308.0,0
9,10.0,01:00:27,90694.0,7,2,B,2,擋小球,,1.0,2.0,8.0,617.0,303.0,2.0,7,539.0,467.0,,,,,8,558.0,306.0,8,527.0,572.0,0
9,11.0,01:00:28,90716.0,7,2,A,2,推球,,1.0,2.0,7.0,539.0,467.0,1.0,5,513.0,275.0,,,,,8,595.0,497.0,8,613.0,305.0,0
9,12.0,01:00:29,90737.0,7,2,B,3,長球,,,1.0,5.0,513.0,275.0,2.0,12,930.0,607.0,出界,對手出界,A,,8,546.0,279.0,8,626.0,504.0,0
10,1.0,01:00:57,91434.0,7,3,A,1,發短球,,1.0,2.0,,,,2.0,7,672.0,345.0,,,,,8,632.0,496.0,8,705.0,290.0,0
10,2.0,01:00:58,91450.0,7,3,B,2,放小球,,,2.0,7.0,672.0,345.0,2.0,2,804.0,454.0,,,,,8,696.0,330.0,8,655.0,487.0,0
10,3.0,01:00:58,91470.0,7,3,A,2,挑球,,,2.0,2.0,804.0,454.0,1.0,3,515.0,264.0,,,,,7,764.0,471.0,8,663.0,325.0,0
10,4.0,01:00:59,91499.0,7,3,B,2,點扣,,,1.0,3.0,515.0,264.0,2.0,5,427.0,538.0,,,,,9,544.0,263.0,8,650.0,523.0,0
10,5.0,01:01:00,91512.0,7,3,A,2,擋小球,,1.0,2.0,5.0,427.0,538.0,2.0,1,468.0,342.0,,,,,8,632.0,524.0,8,563.0,274.0,0
10,6.0,01:01:01,91532.0,7,3,B,2,勾球,,,2.0,1.0,468.0,342.0,2.0,7,770.0,450.0,,,,,1,527.0,348.0,8,503.0,510.0,0
10,7.0,01:01:02,91552.0,7,3,A,2,挑球,,,2.0,7.0,770.0,450.0,1.0,3,503.0,265.0,,,,,7,708.0,467.0,8,604.0,318.0,0
10,8.0,01:01:03,91579.0,7,3,B,2,點扣,,,1.0,3.0,503.0,265.0,2.0,5,432.0,502.0,,,,,9,547.0,263.0,8,643.0,493.0,0
10,9.0,01:01:03,91591.0,7,3,A,3,推球,1.0,,2.0,5.0,432.0,502.0,2.0,13,591.0,245.0,出界,對手出界,B,,8,628.0,494.0,9,558.0,264.0,0
11,1.0,01:01:27,92188.0,8,3,B,1,發短球,,1.0,2.0,,,,2.0,7,603.0,461.0,,,,,8,644.0,320.0,8,516.0,532.0,0
11,2.0,01:01:28,92202.0,8,3,A,2,放小球,,,2.0,7.0,603.0,461.0,2.0,1,491.0,351.0,,,,,7,566.0,463.0,8,613.0,319.0,0
11,3.0,01:01:28,92222.0,8,3,B,2,挑球,,,2.0,1.0,491.0,351.0,1.0,4,878.0,629.0,,,,,7,530.0,353.0,8,586.0,504.0,0
11,4.0,01:01:30,92259.0,8,3,A,2,切球,,,1.0,4.0,878.0,629.0,2.0,5,511.0,334.0,,,,,9,765.0,636.0,8,631.0,308.0,0
11,5.0,01:01:31,92275.0,8,3,B,2,放小球,,,2.0,5.0,511.0,334.0,2.0,1,457.0,458.0,,,,,8,549.0,316.0,4,821.0,636.0,0
11,6.0,01:01:32,92301.0,8,3,A,2,挑球,,1.0,2.0,1.0,457.0,458.0,1.0,3,506.0,268.0,,,,,5,499.0,477.0,8,575.0,320.0,0
11,7.0,01:01:33,92333.0,8,3,B,2,點扣,,,1.0,3.0,506.0,268.0,2.0,5,474.0,540.0,,,,,9,554.0,265.0,8,621.0,523.0,0
11,8.0,01:01:33,92343.0,8,3,A,2,擋小球,,1.0,2.0,5.0,474.0,540.0,2.0,5,471.0,334.0,,,,,8,665.0,527.0,13,528.0,247.0,0
11,9.0,01:01:34,92366.0,8,3,B,2,挑球,,,2.0,5.0,471.0,334.0,1.0,4,823.0,631.0,,,,,5,530.0,326.0,8,626.0,527.0,0
11,10.0,01:01:35,92396.0,8,3,A,2,切球,,,1.0,4.0,823.0,631.0,2.0,5,484.0,323.0,,,,,9,742.0,621.0,8,627.0,303.0,0
11,11.0,01:01:36,92416.0,8,3,B,2,挑球,,,2.0,5.0,484.0,323.0,1.0,5,439.0,557.0,,,,,8,536.0,315.0,8,700.0,562.0,0
11,12.0,01:01:37,92436.0,8,3,A,2,點扣,1.0,,1.0,5.0,439.0,557.0,2.0,5,517.0,294.0,,,,,8,524.0,558.0,8,563.0,308.0,0
11,13.0,01:01:37,92445.0,8,3,B,2,勾球,,,2.0,5.0,517.0,294.0,1.0,7,744.0,468.0,,,,,8,566.0,292.0,8,523.0,563.0,0
11,14.0,01:01:38,92465.0,8,3,A,2,推球,,,1.0,7.0,744.0,468.0,2.0,5,536.0,299.0,,,,,8,609.0,517.0,8,599.0,284.0,0
11,15.0,01:01:39,92476.0,8,3,B,2,推球,,,2.0,5.0,536.0,299.0,1.0,5,483.0,546.0,,,,,8,588.0,295.0,8,748.0,496.0,0
11,16.0,01:01:39,92499.0,8,3,A,2,長球,1.0,,1.0,5.0,483.0,546.0,1.0,9,641.0,259.0,,,,,8,588.0,521.0,8,587.0,300.0,0
11,17.0,01:01:41,92538.0,8,3,B,2,切球,1.0,,1.0,9.0,641.0,259.0,2.0,7,512.0,466.0,,,,,9,637.0,262.0,8,646.0,554.0,0
11,18.0,01:01:42,92558.0,8,3,A,2,挑球,,1.0,2.0,7.0,512.0,466.0,1.0,3,481.0,266.0,,,,,8,582.0,492.0,8,632.0,286.0,0
11,19.0,01:01:43,92585.0,8,3,B,2,切球,,,1.0,3.0,481.0,266.0,2.0,7,735.0,461.0,,,,,3,531.0,264.0,8,594.0,517.0,0
11,20.0,01:01:44,92604.0,8,3,A,2,勾球,,,2.0,7.0,735.0,461.0,2.0,1,495.0,350.0,,,,,8,696.0,498.0,8,579.0,280.0,0
11,21.0,01:01:45,92627.0,8,3,B,2,勾球,,,2.0,1.0,495.0,350.0,2.0,2,796.0,440.0,,,,,7,548.0,345.0,8,621.0,489.0,0
11,22.0,01:01:46,92651.0,8,3,A,2,挑球,,,2.0,2.0,796.0,440.0,1.0,4,797.0,260.0,,,,,7,736.0,449.0,8,630.0,322.0,0
11,23.0,01:01:47,92687.0,8,3,B,2,長球,1.0,,1.0,4.0,797.0,260.0,1.0,9,579.0,612.0,,,,,9,740.0,262.0,8,696.0,527.0,0
11,24.0,01:01:48,92713.0,8,3,A,2,長球,1.0,,1.0,9.0,579.0,612.0,1.0,9,736.0,261.0,,,,,8,609.0,573.0,8,670.0,287.0,0
11,25.0,01:01:49,92740.0,8,3,B,2,切球,1.0,,1.0,9.0,736.0,261.0,2.0,2,813.0,457.0,,,,,8,672.0,286.0,8,661.0,581.0,0
11,26.0,01:01:50,92763.0,8,3,A,2,放小球,,,2.0,2.0,813.0,457.0,2.0,2,808.0,353.0,,,,,8,768.0,487.0,8,681.0,293.0,0
11,27.0,01:01:51,92787.0,8,3,B,2,挑球,,1.0,2.0,2.0,808.0,353.0,1.0,9,486.0,625.0,,,,,2,765.0,355.0,8,721.0,483.0,0
11,28.0,01:01:52,92823.0,8,3,A,2,長球,1.0,,1.0,9.0,486.0,625.0,1.0,3,542.0,262.0,,,,,9,543.0,613.0,8,627.0,310.0,0
11,29.0,01:01:54,92853.0,8,3,B,2,切球,,,1.0,3.0,542.0,262.0,2.0,1,501.0,446.0,,,,,9,561.0,259.0,8,608.0,549.0,0
11,30.0,01:01:54,92873.0,8,3,A,2,勾球,,1.0,2.0,1.0,501.0,446.0,2.0,2,788.0,360.0,,,,,8,515.0,484.0,8,575.0,285.0,0
11,31.0,01:01:55,92898.0,8,3,B,2,挑球,,1.0,2.0,2.0,788.0,360.0,1.0,3,460.0,611.0,,,,,7,741.0,364.0,8,630.0,501.0,0
11,32.0,01:01:57,92927.0,8,3,A,2,長球,1.0,,1.0,3.0,460.0,611.0,1.0,3,476.0,268.0,,,,,8,585.0,592.0,8,642.0,320.0,0
11,33.0,01:01:58,92951.0,8,3,B,2,切球,,,1.0,3.0,476.0,268.0,2.0,2,796.0,444.0,,,,,5,497.0,274.0,8,559.0,585.0,0
11,34.0,01:01:58,92971.0,8,3,A,3,推球,,,2.0,2.0,796.0,444.0,2.0,7,680.0,357.0,對手落地致勝,落地致勝,A,,7,712.0,470.0,8,548.0,279.0,0
12,1.0,01:02:36,93907.0,9,3,A,1,發短球,,1.0,2.0,,,,2.0,7,573.0,349.0,,,,,8,659.0,488.0,8,587.0,294.0,0
12,2.0,01:02:37,93932.0,9,3,B,2,推球,,,2.0,7.0,573.0,349.0,1.0,5,477.0,527.0,,,,,8,606.0,326.0,8,663.0,482.0,0
12,3.0,01:02:37,93947.0,9,3,A,2,擋小球,,1.0,1.0,5.0,477.0,527.0,2.0,8,545.0,331.0,,,,,8,653.0,526.0,8,599.0,318.0,0
12,4.0,01:02:38,93960.0,9,3,B,2,放小球,,,2.0,8.0,545.0,331.0,2.0,7,633.0,456.0,,,,,8,579.0,322.0,8,631.0,544.0,0
12,5.0,01:02:39,93975.0,9,3,A,2,推球,,1.0,2.0,7.0,633.0,456.0,2.0,8,724.0,300.0,,,,,8,665.0,511.0,8,583.0,319.0,0
12,6.0,01:02:39,93983.0,9,3,B,2,擋小球,,1.0,2.0,8.0,724.0,300.0,1.0,2,798.0,449.0,,,,,8,584.0,310.0,8,671.0,508.0,0
12,7.0,01:02:39,93996.0,9,3,A,2,推球,,,1.0,2.0,798.0,449.0,1.0,8,664.0,305.0,,,,,8,774.0,474.0,8,642.0,314.0,0
12,8.0,01:02:40,94005.0,9,3,B,2,推球,,1.0,1.0,8.0,664.0,305.0,1.0,7,626.0,461.0,,,,,8,627.0,313.0,2,782.0,465.0,0
12,9.0,01:02:40,94014.0,9,3,A,2,推球,,1.0,1.0,7.0,626.0,461.0,2.0,8,669.0,296.0,,,,,8,730.0,479.0,8,622.0,309.0,0
12,10.0,01:02:40,94021.0,9,3,B,2,推球,,1.0,2.0,8.0,669.0,296.0,1.0,8,621.0,480.0,,,,,8,598.0,301.0,8,649.0,481.0,0
12,11.0,01:02:41,94032.0,9,3,A,3,撲球,,,1.0,8.0,621.0,480.0,2.0,5,524.0,304.0,對手落地致勝,落地致勝,A,,8,626.0,485.0,8,605.0,296.0,0
13,1.0,01:03:10,94751.0,9,4,A,1,發短球,,1.0,2.0,,,,2.0,8,670.0,340.0,,,,,8,630.0,487.0,8,707.0,294.0,0
13,2.0,01:03:10,94769.0,9,4,B,2,放小球,,,2.0,8.0,670.0,340.0,2.0,1,428.0,453.0,,,,,8,693.0,326.0,8,678.0,496.0,0
13,3.0,01:03:11,94794.0,9,4,A,2,挑球,,1.0,2.0,1.0,428.0,453.0,1.0,3,490.0,266.0,,,,,1,484.0,469.0,8,603.0,320.0,0
13,4.0,01:03:12,94821.0,9,4,B,2,長球,,,1.0,3.0,490.0,266.0,1.0,9,506.0,609.0,,,,,3,521.0,265.0,8,591.0,502.0,0
13,5.0,01:03:14,94851.0,9,4,A,2,長球,1.0,,1.0,9.0,506.0,609.0,1.0,9,542.0,264.0,,,,,8,540.0,601.0,8,601.0,294.0,0
13,6.0,01:03:15,94890.0,9,4,B,2,切球,,,1.0,9.0,542.0,264.0,2.0,1,437.0,460.0,,,,,9,556.0,258.0,8,634.0,537.0,0
13,7.0,01:03:16,94909.0,9,4,A,2,放小球,,1.0,2.0,1.0,437.0,460.0,2.0,1,452.0,343.0,,,,,8,506.0,487.0,8,591.0,276.0,0
13,8.0,01:03:17,94932.0,9,4,B,2,挑球,,,2.0,1.0,452.0,343.0,1.0,5,455.0,582.0,,,,,1,506.0,342.0,8,575.0,523.0,0
13,9.0,01:03:18,94952.0,9,4,A,2,點扣,1.0,,1.0,5.0,455.0,582.0,2.0,5,496.0,311.0,,,,,8,528.0,571.0,8,559.0,321.0,0
13,10.0,01:03:18,94963.0,9,4,B,2,擋小球,,,2.0,5.0,496.0,311.0,2.0,1,487.0,459.0,,,,,8,549.0,307.0,8,569.0,586.0,0
13,11.0,01:03:19,94987.0,9,4,A,3,勾球,,1.0,2.0,1.0,487.0,459.0,2.0,7,574.0,408.0,掛網,對手掛網,B,,7,527.0,474.0,8,581.0,300.0,0
14,1.0,01:03:51,95782.0,10,4,B,1,發短球,,1.0,2.0,,,,2.0,7,733.0,463.0,,,,,8,628.0,323.0,8,716.0,538.0,0
14,2.0,01:03:52,95800.0,10,4,A,2,推球,,,2.0,7.0,733.0,463.0,1.0,4,775.0,265.0,,,,,7,690.0,457.0,8,622.0,323.0,0
14,3.0,01:03:52,95817.0,10,4,B,2,長球,,1.0,1.0,4.0,775.0,265.0,1.0,8,595.0,589.0,,,,,8,712.0,297.0,8,714.0,477.0,0
14,4.0,01:03:53,95847.0,10,4,A,2,點扣,1.0,,1.0,8.0,595.0,589.0,2.0,5,534.0,307.0,,,,,8,623.0,577.0,8,629.0,301.0,0
14,5.0,01:03:54,95864.0,10,4,B,2,擋小球,,,2.0,5.0,534.0,307.0,2.0,7,659.0,450.0,,,,,8,571.0,313.0,8,605.0,591.0,0
14,6.0,01:03:55,95883.0,10,4,A,2,放小球,,,2.0,7.0,659.0,450.0,2.0,6,773.0,332.0,,,,,8,600.0,492.0,8,594.0,310.0,0
14,7.0,01:03:56,95907.0,10,4,B,2,挑球,,1.0,2.0,6.0,773.0,332.0,1.0,9,496.0,612.0,,,,,8,713.0,335.0,8,659.0,517.0,0
14,8.0,01:03:57,95936.0,10,4,A,2,點扣,1.0,,1.0,9.0,496.0,612.0,2.0,5,495.0,301.0,,,,,8,564.0,591.0,8,606.0,301.0,0
14,9.0,01:03:57,95946.0,10,4,B,2,擋小球,,,2.0,5.0,495.0,301.0,2.0,1,473.0,460.0,,,,,8,566.0,299.0,9,518.0,609.0,0
14,10.0,01:03:58,95971.0,10,4,A,2,挑球,,1.0,2.0,1.0,473.0,460.0,1.0,3,473.0,260.0,,,,,8,523.0,480.0,8,571.0,306.0,0
14,11.0,01:03:59,95999.0,10,4,B,2,切球,,,1.0,3.0,473.0,260.0,2.0,7,772.0,447.0,,,,,3,503.0,265.0,8,602.0,499.0,0
14,12.0,01:04:00,96019.0,10,4,A,2,推球,,,2.0,7.0,772.0,447.0,1.0,6,755.0,278.0,,,,,8,713.0,486.0,8,577.0,280.0,0
14,13.0,01:04:01,96034.0,10,4,B,2,長球,,1.0,1.0,6.0,755.0,278.0,1.0,8,494.0,572.0,,,,,8,657.0,306.0,8,724.0,500.0,0
14,14.0,01:04:02,96064.0,10,4,A,2,長球,1.0,,1.0,8.0,494.0,572.0,1.0,9,552.0,264.0,,,,,8,587.0,556.0,8,630.0,302.0,0
14,15.0,01:04:04,96103.0,10,4,B,2,點扣,,,1.0,9.0,552.0,264.0,2.0,5,476.0,535.0,,,,,9,552.0,261.0,8,650.0,537.0,0
14,16.0,01:04:04,96113.0,10,4,A,2,擋小球,,1.0,2.0,5.0,476.0,535.0,2.0,5,504.0,325.0,,,,,8,678.0,532.0,9,549.0,264.0,0
14,17.0,01:04:05,96134.0,10,4,B,2,推球,,,2.0,5.0,504.0,325.0,1.0,5,438.0,543.0,,,,,8,564.0,321.0,8,610.0,508.0,0
14,18.0,01:04:06,96153.0,10,4,A,2,點扣,1.0,,1.0,5.0,438.0,543.0,2.0,5,463.0,290.0,,,,,8,545.0,531.0,8,571.0,307.0,0
14,19.0,01:04:06,96165.0,10,4,B,3,擋小球,,,2.0,5.0,463.0,290.0,2.0,1,478.0,388.0,未過網,對手未過網,A,,8,554.0,298.0,8,520.0,546.0,0
15,1.0,01:04:34,96860.0,10,5,A,1,發短球,,1.0,2.0,,,,2.0,8,593.0,340.0,,,,,8,653.0,482.0,8,589.0,295.0,0
15,2.0,01:04:35,96878.0,10,5,B,2,放小球,,1.0,2.0,8.0,593.0,340.0,2.0,1,452.0,454.0,,,,,8,589.0,329.0,8,642.0,479.0,0
15,3.0,01:04:35,96898.0,10,5,A,2,挑球,,1.0,2.0,1.0,452.0,454.0,1.0,5,497.0,285.0,,,,,7,521.0,469.0,8,576.0,317.0,0
15,4.0,01:04:36,96913.0,10,5,B,2,點扣,,,1.0,5.0,497.0,285.0,2.0,8,523.0,484.0,,,,,8,561.0,302.0,8,531.0,486.0,0
15,5.0,01:04:36,96921.0,10,5,A,2,擋小球,,1.0,2.0,8.0,523.0,484.0,2.0,8,569.0,332.0,,,,,8,587.0,557.0,5,524.0,292.0,0
15,6.0,01:04:37,96938.0,10,5,B,2,放小球,,,2.0,8.0,569.0,332.0,2.0,7,749.0,448.0,,,,,8,615.0,330.0,8,655.0,541.0,0
15,7.0,01:04:38,96955.0,10,5,A,2,勾球,,,2.0,7.0,749.0,448.0,2.0,1,480.0,351.0,,,,,8,715.0,475.0,8,609.0,324.0,0
15,8.0,01:04:39,96977.0,10,5,B,2,挑球,,,2.0,1.0,480.0,351.0,1.0,9,494.0,615.0,,,,,7,532.0,350.0,8,614.0,492.0,0
15,9.0,01:04:40,97007.0,10,5,A,2,點扣,1.0,,1.0,9.0,494.0,615.0,2.0,5,498.0,312.0,,,,,8,570.0,592.0,8,596.0,305.0,0
15,10.0,01:04:40,97020.0,10,5,B,2,勾球,,,2.0,5.0,498.0,312.0,2.0,2,797.0,455.0,,,,,8,567.0,304.0,8,551.0,605.0,0
15,11.0,01:04:41,97044.0,10,5,A,2,放小球,,,2.0,2.0,797.0,455.0,2.0,2,791.0,351.0,,,,,8,742.0,480.0,8,605.0,313.0,0
15,12.0,01:04:42,97069.0,10,5,B,2,挑球,,1.0,2.0,2.0,791.0,351.0,1.0,3,433.0,622.0,,,,,7,756.0,351.0,8,697.0,489.0,0
15,13.0,01:04:44,97101.0,10,5,A,2,長球,1.0,,1.0,3.0,433.0,622.0,1.0,3,542.0,260.0,,,,,8,570.0,605.0,8,624.0,316.0,0
15,14.0,01:04:45,97132.0,10,5,B,2,長球,,,1.0,3.0,542.0,260.0,2.0,9,530.0,641.0,,,,,9,563.0,257.0,8,574.0,564.0,0
15,15.0,01:04:46,97174.0,10,5,A,2,切球,,,2.0,9.0,530.0,641.0,2.0,2,770.0,355.0,,,,,3,466.0,643.0,8,622.0,297.0,0
15,16.0,01:04:47,97198.0,10,5,B,3,放小球,,1.0,2.0,2.0,770.0,355.0,2.0,2,816.0,428.0,對手落地致勝,落地致勝,B,,7,747.0,363.0,3,438.0,657.0,0
16,1.0,01:05:53,98848.0,11,5,B,1,發短球,,1.0,2.0,,,,2.0,7,636.0,458.0,,,,,8,649.0,322.0,8,520.0,528.0,0
16,2.0,01:05:54,98862.0,11,5,A,2,放小球,,,2.0,7.0,636.0,458.0,2.0,7,605.0,354.0,,,,,7,565.0,452.0,8,618.0,319.0,0
16,3.0,01:05:55,98883.0,11,5,B,2,挑球,,1.0,2.0,7.0,605.0,354.0,1.0,9,567.0,621.0,,,,,7,609.0,347.0,7,612.0,467.0,0
16,4.0,01:05:57,98928.0,11,5,A,2,切球,,,1.0,9.0,567.0,621.0,2.0,1,473.0,345.0,,,,,9,563.0,614.0,8,595.0,297.0,0
16,5.0,01:05:57,98949.0,11,5,B,2,放小球,,,2.0,1.0,473.0,345.0,2.0,7,564.0,449.0,,,,,5,499.0,334.0,8,592.0,580.0,0
16,6.0,01:05:58,98970.0,11,5,A,2,放小球,,,2.0,7.0,564.0,449.0,2.0,2,772.0,353.0,,,,,8,533.0,492.0,8,583.0,318.0,0
16,7.0,01:05:59,98995.0,11,5,B,2,放小球,,1.0,2.0,2.0,772.0,353.0,2.0,2,818.0,427.0,,,,,7,728.0,358.0,8,628.0,501.0,0
16,8.0,01:06:00,99018.0,11,5,A,2,挑球,,,2.0,2.0,818.0,427.0,1.0,9,722.0,263.0,,,,,2,803.0,444.0,7,709.0,350.0,0
16,9.0,01:06:02,99065.0,11,5,B,2,點扣,1.0,,1.0,9.0,722.0,263.0,2.0,6,796.0,553.0,,,,,9,702.0,261.0,8,715.0,537.0,0
16,10.0,01:06:03,99075.0,11,5,A,2,防守回挑,,,2.0,6.0,796.0,553.0,1.0,8,633.0,288.0,,,,,8,733.0,554.0,9,690.0,266.0,0
16,11.0,01:06:03,99091.0,11,5,B,2,點扣,,,1.0,8.0,633.0,288.0,2.0,8,712.0,553.0,,,,,8,661.0,305.0,8,709.0,569.0,0
16,12.0,01:06:04,99100.0,11,5,A,2,防守回挑,,,2.0,8.0,712.0,553.0,1.0,3,515.0,265.0,,,,,8,709.0,567.0,8,605.0,313.0,0
16,13.0,01:06:05,99131.0,11,5,B,2,長球,,,1.0,3.0,515.0,265.0,1.0,3,477.0,607.0,,,,,9,555.0,268.0,8,642.0,534.0,0
16,14.0,01:06:06,99159.0,11,5,A,2,點扣,1.0,,1.0,3.0,477.0,607.0,2.0,8,736.0,297.0,,,,,8,510.0,585.0,8,597.0,294.0,0
16,15.0,01:06:06,99169.0,11,5,B,2,擋小球,,1.0,2.0,8.0,736.0,297.0,2.0,7,730.0,465.0,,,,,8,568.0,300.0,8,528.0,601.0,0
16,16.0,01:06:07,99195.0,11,5,A,2,挑球,,,2.0,7.0,730.0,465.0,1.0,3,500.0,261.0,,,,,8,702.0,485.0,8,675.0,313.0,0
16,17.0,01:06:09,99231.0,11,5,B,2,切球,,,1.0,3.0,500.0,261.0,2.0,2,800.0,458.0,,,,,3,528.0,259.0,8,634.0,507.0,0
16,18.0,01:06:10,99253.0,11,5,A,2,挑球,,,2.0,2.0,800.0,458.0,1.0,9,545.0,263.0,,,,,8,761.0,488.0,8,595.0,282.0,0
16,19.0,01:06:10,99273.0,11,5,B,2,長球,,,1.0,9.0,545.0,263.0,1.0,9,542.0,608.0,,,,,8,622.0,288.0,8,706.0,502.0,0
16,20.0,01:06:12,99307.0,11,5,A,3,點扣,1.0,,1.0,9.0,542.0,608.0,2.0,6,807.0,302.0,對手落地致勝,落地致勝,A,,8,559.0,606.0,8,594.0,293.0,0
17,1.0,01:07:58,101967.0,11,6,A,1,發短球,,1.0,2.0,,,,2.0,7,591.0,460.0,,,,,8,647.0,330.0,8,522.0,546.0,0
17,2.0,01:07:59,101982.0,11,6,B,2,推球,,,2.0,7.0,591.0,460.0,1.0,5,526.0,316.0,,,,,8,549.0,482.0,8,621.0,329.0,0
17,3.0,01:07:59,101991.0,11,6,A,2,推球,,,1.0,5.0,526.0,316.0,1.0,8,539.0,494.0,,,,,8,586.0,324.0,8,575.0,490.0,0
17,4.0,01:08:00,102001.0,11,6,B,2,推球,,1.0,1.0,8.0,539.0,494.0,1.0,8,638.0,304.0,,,,,8,623.0,513.0,8,584.0,320.0,0
17,5.0,01:08:00,102009.0,11,6,A,2,推球,,1.0,1.0,8.0,638.0,304.0,1.0,5,489.0,519.0,,,,,8,575.0,310.0,8,616.0,515.0,0
17,6.0,01:08:00,102019.0,11,6,B,2,推球,,1.0,1.0,5.0,489.0,519.0,1.0,5,514.0,329.0,,,,,8,643.0,515.0,8,580.0,309.0,0
17,7.0,01:08:01,102034.0,11,6,A,2,推球,,,1.0,5.0,514.0,329.0,1.0,5,445.0,529.0,,,,,8,546.0,333.0,8,623.0,522.0,0
17,8.0,01:08:01,102046.0,11,6,B,2,擋小球,,1.0,1.0,5.0,445.0,529.0,2.0,5,490.0,331.0,,,,,8,626.0,531.0,8,555.0,326.0,0
17,9.0,01:08:02,102065.0,11,6,A,2,放小球,,,2.0,5.0,490.0,331.0,2.0,1,444.0,444.0,,,,,5,530.0,333.0,8,599.0,526.0,0
17,10.0,01:08:03,102087.0,11,6,B,2,挑球,,1.0,2.0,1.0,444.0,444.0,1.0,9,740.0,262.0,,,,,7,513.0,473.0,8,574.0,325.0,0
17,11.0,01:08:04,102118.0,11,6,A,2,切球,1.0,,1.0,9.0,740.0,262.0,2.0,7,529.0,457.0,,,,,9,666.0,270.0,8,672.0,528.0,0
17,12.0,01:08:05,102137.0,11,6,B,2,挑球,,1.0,2.0,7.0,529.0,457.0,1.0,5,486.0,275.0,,,,,8,547.0,486.0,9,682.0,261.0,0
17,13.0,01:08:06,102164.0,11,6,A,2,點扣,,,1.0,5.0,486.0,275.0,2.0,5,418.0,533.0,,,,,5,535.0,278.0,8,619.0,528.0,0
17,14.0,01:08:07,102175.0,11,6,B,2,擋小球,,1.0,2.0,5.0,418.0,533.0,2.0,5,476.0,318.0,,,,,8,652.0,539.0,5,512.0,279.0,0
17,15.0,01:08:07,102197.0,11,6,A,2,挑球,,,2.0,5.0,476.0,318.0,1.0,5,458.0,596.0,,,,,5,517.0,322.0,8,601.0,526.0,0
17,16.0,01:08:08,102224.0,11,6,B,2,切球,1.0,,1.0,5.0,458.0,596.0,2.0,5,465.0,327.0,,,,,8,511.0,597.0,8,569.0,303.0,0
17,17.0,01:08:09,102247.0,11,6,A,2,挑球,,,2.0,5.0,465.0,327.0,1.0,5,435.0,573.0,,,,,5,492.0,319.0,8,531.0,588.0,0
17,18.0,01:08:10,102273.0,11,6,B,2,長球,1.0,,1.0,5.0,435.0,573.0,1.0,9,619.0,258.0,,,,,8,500.0,557.0,8,545.0,305.0,0
17,19.0,01:08:12,102310.0,11,6,A,2,點扣,1.0,,1.0,9.0,619.0,258.0,2.0,5,456.0,523.0,,,,,9,586.0,262.0,8,638.0,535.0,0
17,20.0,01:08:12,102320.0,11,6,B,2,擋小球,,1.0,2.0,5.0,456.0,523.0,2.0,5,509.0,332.0,,,,,8,691.0,531.0,9,582.0,255.0,0
17,21.0,01:08:13,102345.0,11,6,A,2,挑球,,,2.0,5.0,509.0,332.0,1.0,4,870.0,635.0,,,,,8,549.0,328.0,8,597.0,505.0,0
17,22.0,01:08:15,102382.0,11,6,B,2,切球,,,1.0,4.0,870.0,635.0,2.0,1,519.0,348.0,,,,,9,763.0,625.0,8,631.0,306.0,0
17,23.0,01:08:16,102403.0,11,6,A,2,挑球,,,2.0,1.0,519.0,348.0,1.0,3,404.0,612.0,,,,,7,559.0,343.0,8,758.0,574.0,0
17,24.0,01:08:17,102430.0,11,6,B,2,過渡切球,,1.0,1.0,3.0,404.0,612.0,2.0,5,479.0,337.0,,,,,3,441.0,607.0,8,587.0,302.0,0
17,25.0,01:08:18,102451.0,11,6,A,2,放小球,,,2.0,5.0,479.0,337.0,2.0,1,439.0,429.0,,,,,5,517.0,334.0,8,555.0,563.0,0
17,26.0,01:08:18,102474.0,11,6,B,2,挑球,,1.0,2.0,1.0,439.0,429.0,1.0,9,729.0,258.0,,,,,1,482.0,459.0,8,567.0,317.0,0
17,27.0,01:08:20,102510.0,11,6,A,2,長球,1.0,,1.0,9.0,729.0,258.0,1.0,6,854.0,589.0,,,,,9,680.0,264.0,8,655.0,533.0,0
17,28.0,01:08:21,102538.0,11,6,B,2,點扣,,,1.0,6.0,854.0,589.0,2.0,6,791.0,282.0,,,,,8,763.0,588.0,8,649.0,276.0,0
17,29.0,01:08:21,102549.0,11,6,A,2,勾球,,1.0,2.0,6.0,791.0,282.0,2.0,7,550.0,474.0,,,,,8,642.0,286.0,4,827.0,613.0,0
17,30.0,01:08:22,102571.0,11,6,B,2,推球,,1.0,2.0,7.0,550.0,474.0,2.0,9,547.0,259.0,,,,,8,739.0,524.0,8,677.0,305.0,0
17,31.0,01:08:24,102602.0,11,6,A,3,長球,,,2.0,9.0,547.0,259.0,2.0,14,323.0,626.0,出界,對手出界,B,,9,577.0,268.0,8,619.0,537.0,0
18,1.0,01:08:52,103312.0,12,6,B,1,發短球,,1.0,2.0,,,,2.0,7,569.0,351.0,,,,,8,654.0,508.0,8,583.0,305.0,0
18,2.0,01:08:53,103327.0,12,6,A,2,推球,,,2.0,7.0,569.0,351.0,2.0,8,534.0,534.0,,,,,7,581.0,356.0,8,664.0,512.0,0
18,3.0,01:08:53,103335.0,12,6,B,2,推球,,1.0,2.0,8.0,534.0,534.0,1.0,8,576.0,333.0,,,,,8,679.0,519.0,7,577.0,352.0,0
18,4.0,01:08:53,103344.0,12,6,A,2,推球,,,1.0,8.0,576.0,333.0,2.0,8,598.0,540.0,,,,,8,562.0,334.0,8,651.0,539.0,0
18,5.0,01:08:54,103350.0,12,6,B,2,推球,,1.0,2.0,8.0,598.0,540.0,1.0,8,646.0,308.0,,,,,8,679.0,554.0,8,558.0,318.0,0
18,6.0,01:08:54,103366.0,12,6,A,3,撲球,,,1.0,8.0,646.0,308.0,2.0,9,733.0,647.0,對手落地致勝,落地致勝,A,,8,593.0,317.0,8,684.0,557.0,0
19,1.0,01:09:25,104148.0,13,6,A,1,發短球,,1.0,2.0,,,,2.0,7,685.0,457.0,,,,,8,631.0,337.0,8,712.0,546.0,0
19,2.0,01:09:26,104167.0,13,6,B,2,放小球,,,2.0,7.0,685.0,457.0,2.0,1,513.0,351.0,,,,,8,685.0,476.0,8,621.0,314.0,0
19,3.0,01:09:27,104187.0,13,6,A,2,挑球,,,2.0,1.0,513.0,351.0,1.0,9,801.0,616.0,,,,,8,559.0,340.0,8,642.0,499.0,0
19,4.0,01:09:28,104213.0,13,6,B,2,點扣,,,1.0,9.0,801.0,616.0,2.0,6,771.0,303.0,,,,,9,695.0,617.0,8,638.0,306.0,0
19,5.0,01:09:29,104225.0,13,6,A,2,擋小球,,1.0,2.0,6.0,771.0,303.0,2.0,2,833.0,461.0,,,,,8,626.0,304.0,9,725.0,621.0,0
19,6.0,01:09:29,104248.0,13,6,B,2,放小球,,,2.0,2.0,833.0,461.0,2.0,2,806.0,345.0,,,,,2,785.0,468.0,8,641.0,299.0,0
19,7.0,01:09:30,104270.0,13,6,A,2,挑球,,1.0,2.0,2.0,806.0,345.0,1.0,4,899.0,637.0,,,,,2,771.0,351.0,8,716.0,492.0,0
19,8.0,01:09:32,104305.0,13,6,B,2,切球,,,1.0,4.0,899.0,637.0,2.0,1,480.0,342.0,,,,,4,863.0,643.0,8,646.0,300.0,0
19,9.0,01:09:33,104326.0,13,6,A,2,放小球,,,2.0,1.0,480.0,342.0,2.0,1,441.0,422.0,,,,,5,519.0,334.0,8,696.0,562.0,0
19,10.0,01:09:34,104351.0,13,6,B,2,放小球,,1.0,2.0,1.0,441.0,422.0,2.0,1,470.0,359.0,,,,,1,474.0,466.0,8,575.0,318.0,0
19,11.0,01:09:34,104374.0,13,6,A,2,挑球,,,2.0,1.0,470.0,359.0,1.0,4,846.0,638.0,,,,,1,508.0,363.0,7,552.0,473.0,0
19,12.0,01:09:36,104412.0,13,6,B,3,切球,,,1.0,4.0,846.0,638.0,2.0,7,545.0,407.0,掛網,對手掛網,A,,9,788.0,645.0,8,620.0,318.0,0
20,1.0,01:10:02,105073.0,14,6,A,1,發短球,,1.0,2.0,,,,2.0,7,574.0,465.0,,,,,8,648.0,334.0,8,518.0,548.0,0
20,2.0,01:10:03,105092.0,14,6,B,2,挑球,,,2.0,7.0,574.0,465.0,1.0,3,492.0,265.0,,,,,8,553.0,500.0,8,619.0,319.0,0
20,3.0,01:10:04,105124.0,14,6,A,2,點扣,,,1.0,3.0,492.0,265.0,2.0,5,425.0,537.0,,,,,3,523.0,265.0,8,620.0,545.0,0
20,4.0,01:10:05,105136.0,14,6,B,2,擋小球,,1.0,2.0,5.0,425.0,537.0,2.0,5,468.0,335.0,,,,,8,647.0,542.0,9,542.0,266.0,0
20,5.0,01:10:06,105156.0,14,6,A,2,推球,,,2.0,5.0,468.0,335.0,1.0,5,415.0,544.0,,,,,8,537.0,330.0,8,606.0,531.0,0
20,6.0,01:10:07,105175.0,14,6,B,2,推球,,1.0,1.0,5.0,415.0,544.0,1.0,8,596.0,310.0,,,,,8,539.0,518.0,8,548.0,328.0,0
20,7.0,01:10:07,105183.0,14,6,A,2,擋小球,,,1.0,8.0,596.0,310.0,2.0,6,787.0,500.0,,,,,8,542.0,325.0,8,574.0,547.0,0
20,8.0,01:10:08,105206.0,14,6,B,2,推球,,,2.0,6.0,787.0,500.0,2.0,6,797.0,289.0,,,,,8,717.0,522.0,8,628.0,317.0,0
20,9.0,01:10:09,105231.0,14,6,A,2,擋小球,,1.0,2.0,6.0,797.0,289.0,2.0,7,654.0,435.0,,,,,8,744.0,313.0,8,710.0,546.0,0
20,10.0,01:10:10,105254.0,14,6,B,2,挑球,,,2.0,7.0,654.0,435.0,1.0,9,584.0,258.0,,,,,8,623.0,475.0,8,663.0,311.0,0
20,11.0,01:10:11,105281.0,14,6,A,3,點扣,,,1.0,9.0,584.0,258.0,2.0,3,374.0,612.0,對手落地致勝,落地致勝,A,,9,608.0,262.0,8,639.0,527.0,0
21,1.0,01:10:40,106011.0,14,7,A,1,發短球,,1.0,2.0,,,,2.0,7,714.0,451.0,,,,,8,623.0,334.0,8,708.0,540.0,0
21,2.0,01:10:41,106028.0,14,7,B,2,推球,,,2.0,7.0,714.0,451.0,1.0,8,578.0,317.0,,,,,7,701.0,473.0,8,626.0,325.0,0
21,3.0,01:10:41,106038.0,14,7,A,2,點扣,,,1.0,8.0,578.0,317.0,2.0,5,497.0,524.0,,,,,8,592.0,332.0,8,683.0,487.0,0
21,4.0,01:10:41,106047.0,14,7,B,2,防守回挑,,1.0,2.0,5.0,497.0,524.0,1.0,4,764.0,261.0,,,,,8,687.0,502.0,8,589.0,330.0,0
21,5.0,01:10:43,106081.0,14,7,A,2,過渡切球,,1.0,1.0,4.0,764.0,261.0,2.0,7,765.0,460.0,,,,,9,721.0,266.0,8,689.0,528.0,0
21,6.0,01:10:44,106103.0,14,7,B,2,放小球,,,2.0,7.0,765.0,460.0,2.0,2,764.0,347.0,,,,,8,729.0,521.0,8,657.0,298.0,0
21,7.0,01:10:45,106126.0,14,7,A,2,挑球,,1.0,2.0,2.0,764.0,347.0,1.0,9,564.0,632.0,,,,,8,722.0,337.0,8,701.0,516.0,0
21,8.0,01:10:46,106160.0,14,7,B,2,長球,1.0,,1.0,9.0,564.0,632.0,1.0,3,520.0,259.0,,,,,9,581.0,628.0,8,611.0,308.0,0
21,9.0,01:10:47,106188.0,14,7,A,3,點扣,,,1.0,3.0,520.0,259.0,2.0,7,682.0,397.0,掛網,對手掛網,B,,3,526.0,262.0,8,630.0,563.0,0
22,1.0,01:11:20,107008.0,15,7,B,1,發短球,,1.0,2.0,,,,2.0,7,651.0,343.0,,,,,8,631.0,511.0,8,711.0,301.0,0
22,2.0,01:11:21,107028.0,15,7,A,2,放小球,,1.0,2.0,7.0,651.0,343.0,2.0,1,479.0,431.0,,,,,7,630.0,347.0,8,666.0,504.0,0
22,3.0,01:11:21,107047.0,15,7,B,2,放小球,,1.0,2.0,1.0,479.0,431.0,2.0,1,488.0,362.0,,,,,7,513.0,444.0,8,597.0,331.0,0
22,4.0,01:11:22,107068.0,15,7,A,2,挑球,,,2.0,1.0,488.0,362.0,1.0,9,511.0,636.0,,,,,1,522.0,368.0,7,562.0,462.0,0
22,5.0,01:11:24,107105.0,15,7,B,2,切球,1.0,,1.0,9.0,511.0,636.0,2.0,1,502.0,349.0,,,,,9,514.0,627.0,8,585.0,335.0,0
22,6.0,01:11:24,107120.0,15,7,A,2,勾球,,,2.0,1.0,502.0,349.0,2.0,2,820.0,453.0,,,,,7,536.0,348.0,8,549.0,594.0,0
22,7.0,01:11:25,107144.0,15,7,B,2,放小球,,,2.0,2.0,820.0,453.0,2.0,2,807.0,360.0,,,,,8,736.0,474.0,8,651.0,327.0,0
22,8.0,01:11:26,107164.0,15,7,A,2,放小球,,1.0,2.0,2.0,807.0,360.0,2.0,7,758.0,434.0,,,,,2,766.0,364.0,8,740.0,497.0,0
22,9.0,01:11:27,107184.0,15,7,B,3,挑球,,,2.0,7.0,758.0,434.0,2.0,12,827.0,258.0,出界,對手出界,A,,7,749.0,442.0,8,693.0,331.0,0
23,1.0,01:11:50,107774.0,15,8,A,1,發短球,,1.0,2.0,,,,2.0,1,462.0,462.0,,,,,8,644.0,332.0,8,525.0,555.0,0
23,2.0,01:11:51,107792.0,15,8,B,2,勾球,,1.0,2.0,1.0,462.0,462.0,2.0,7,737.0,345.0,,,,,8,542.0,489.0,8,621.0,315.0,0
23,3.0,01:11:52,107812.0,15,8,A,3,挑球,,1.0,2.0,7.0,737.0,345.0,2.0,13,430.0,671.0,出界,對手出界,B,,7,683.0,349.0,8,637.0,512.0,0
24,1.0,01:12:18,108466.0,16,8,B,1,發短球,,1.0,2.0,,,,2.0,7,555.0,352.0,,,,,8,657.0,502.0,8,577.0,298.0,0
24,2.0,01:12:19,108484.0,16,8,A,2,放小球,,1.0,2.0,7.0,555.0,352.0,2.0,7,535.0,460.0,,,,,1,519.0,354.0,8,644.0,495.0,0
24,3.0,01:12:20,108504.0,16,8,B,2,挑球,,1.0,2.0,7.0,535.0,460.0,1.0,9,587.0,261.0,,,,,8,549.0,494.0,8,588.0,330.0,0
24,4.0,01:12:21,108533.0,16,8,A,2,點扣,,,1.0,9.0,587.0,261.0,2.0,5,471.0,553.0,,,,,9,590.0,256.0,8,650.0,552.0,0
24,5.0,01:12:21,108542.0,16,8,B,2,擋小球,,1.0,2.0,5.0,471.0,553.0,2.0,5,516.0,326.0,,,,,8,693.0,547.0,3,527.0,266.0,0
24,6.0,01:12:22,108566.0,16,8,A,2,放小球,,,2.0,5.0,516.0,326.0,2.0,1,446.0,458.0,,,,,8,561.0,328.0,8,613.0,517.0,0
24,7.0,01:12:23,108588.0,16,8,B,2,挑球,,1.0,2.0,1.0,446.0,458.0,1.0,9,739.0,261.0,,,,,7,512.0,465.0,8,574.0,320.0,0
24,8.0,01:12:24,108619.0,16,8,A,2,長球,1.0,,1.0,9.0,739.0,261.0,1.0,9,504.0,629.0,,,,,8,644.0,278.0,8,669.0,519.0,0
24,9.0,01:12:26,108655.0,16,8,B,2,切球,1.0,,1.0,9.0,504.0,629.0,2.0,5,465.0,333.0,,,,,9,537.0,631.0,8,625.0,297.0,0
24,10.0,01:12:27,108675.0,16,8,A,2,放小球,,,2.0,5.0,465.0,333.0,2.0,1,425.0,450.0,,,,,5,506.0,325.0,8,560.0,585.0,0
24,11.0,01:12:27,108696.0,16,8,B,2,挑球,,1.0,2.0,1.0,425.0,450.0,1.0,4,751.0,261.0,,,,,1,479.0,469.0,8,546.0,316.0,0
24,12.0,01:12:29,108728.0,16,8,A,2,長球,1.0,,1.0,4.0,751.0,261.0,1.0,4,857.0,632.0,,,,,9,670.0,267.0,8,648.0,532.0,0
24,13.0,01:12:30,108765.0,16,8,B,2,切球,,,1.0,4.0,857.0,632.0,2.0,6,787.0,332.0,,,,,4,817.0,654.0,8,648.0,298.0,0
24,14.0,01:12:31,108784.0,16,8,A,2,挑球,,1.0,2.0,6.0,787.0,332.0,1.0,3,482.0,608.0,,,,,8,728.0,326.0,8,754.0,574.0,0
24,15.0,01:12:32,108810.0,16,8,B,3,長球,1.0,,1.0,3.0,482.0,608.0,2.0,13,503.0,247.0,出界,對手出界,A,,8,610.0,586.0,8,619.0,304.0,0
25,1.0,01:12:58,109462.0,17,8,A,1,發短球,,1.0,2.0,,,,2.0,7,704.0,454.0,,,,,8,624.0,335.0,8,700.0,541.0,0
25,2.0,01:12:59,109481.0,17,8,B,2,放小球,,,2.0,7.0,704.0,454.0,2.0,1,492.0,349.0,,,,,7,683.0,471.0,8,620.0,321.0,0
25,3.0,01:13:00,109501.0,17,8,A,2,放小球,,,2.0,1.0,492.0,349.0,2.0,1,447.0,440.0,,,,,7,544.0,344.0,8,610.0,502.0,0
25,4.0,01:13:01,109525.0,17,8,B,2,挑球,,1.0,2.0,1.0,447.0,440.0,1.0,3,491.0,258.0,,,,,1,494.0,452.0,7,557.0,346.0,0
25,5.0,01:13:02,109562.0,17,8,A,2,點扣,,,1.0,3.0,491.0,258.0,2.0,8,540.0,508.0,,,,,3,513.0,261.0,8,619.0,526.0,0
25,6.0,01:13:03,109576.0,17,8,B,2,防守回抽,,1.0,2.0,8.0,540.0,508.0,1.0,8,710.0,299.0,,,,,8,643.0,543.0,8,549.0,283.0,0
25,7.0,01:13:03,109590.0,17,8,A,2,推球,,1.0,1.0,8.0,710.0,299.0,1.0,8,680.0,521.0,,,,,8,654.0,328.0,8,652.0,546.0,0
25,8.0,01:13:04,109600.0,17,8,B,2,推球,,,1.0,8.0,680.0,521.0,1.0,8,544.0,301.0,,,,,8,695.0,541.0,8,664.0,327.0,0
25,9.0,01:13:04,109610.0,17,8,A,2,推球,,,1.0,8.0,544.0,301.0,1.0,5,445.0,505.0,,,,,8,644.0,325.0,8,691.0,545.0,0
25,10.0,01:13:04,109622.0,17,8,B,2,推球,,1.0,1.0,5.0,445.0,505.0,1.0,8,640.0,301.0,,,,,8,609.0,515.0,8,609.0,315.0,0
25,11.0,01:13:05,109631.0,17,8,A,2,推球,1.0,,1.0,8.0,640.0,301.0,1.0,8,653.0,520.0,,,,,8,557.0,317.0,5,482.0,496.0,0
25,12.0,01:13:05,109642.0,17,8,B,2,擋小球,,,1.0,8.0,653.0,520.0,2.0,2,793.0,342.0,,,,,8,632.0,527.0,8,594.0,299.0,0
25,13.0,01:13:06,109662.0,17,8,A,2,挑球,,1.0,2.0,2.0,793.0,342.0,1.0,9,486.0,634.0,,,,,8,743.0,324.0,8,669.0,528.0,0
25,14.0,01:13:07,109693.0,17,8,B,3,長球,1.0,,1.0,9.0,486.0,634.0,2.0,13,733.0,241.0,出界,對手出界,A,,8,616.0,605.0,8,618.0,305.0,0
26,1.0,01:13:33,110328.0,17,9,A,1,發短球,,1.0,2.0,,,,2.0,7,573.0,461.0,,,,,8,643.0,331.0,8,535.0,546.0,0
26,2.0,01:13:33,110344.0,17,9,B,2,放小球,,,2.0,7.0,573.0,461.0,2.0,7,554.0,363.0,,,,,8,556.0,478.0,8,628.0,325.0,0
26,3.0,01:13:34,110366.0,17,9,A,2,挑球,,,2.0,7.0,554.0,363.0,1.0,4,859.0,623.0,,,,,7,562.0,367.0,7,609.0,459.0,0
26,4.0,01:13:36,110403.0,17,9,B,2,點扣,,,1.0,4.0,859.0,623.0,2.0,6,759.0,304.0,,,,,9,736.0,619.0,8,643.0,316.0,0
26,5.0,01:13:36,110412.0,17,9,A,2,擋小球,,1.0,2.0,6.0,759.0,304.0,2.0,7,620.0,464.0,,,,,8,627.0,311.0,13,828.0,674.0,0
26,6.0,01:13:37,110433.0,17,9,B,2,放小球,,1.0,2.0,7.0,620.0,464.0,2.0,2,768.0,344.0,,,,,8,645.0,551.0,8,620.0,310.0,0
26,7.0,01:13:38,110452.0,17,9,A,2,放小球,,1.0,2.0,2.0,768.0,344.0,2.0,2,820.0,462.0,,,,,8,711.0,330.0,8,684.0,533.0,0
26,8.0,01:13:39,110477.0,17,9,B,2,挑球,,,2.0,2.0,820.0,462.0,1.0,4,778.0,260.0,,,,,8,773.0,499.0,8,676.0,303.0,0
26,9.0,01:13:40,110501.0,17,9,A,3,點扣,1.0,,1.0,4.0,778.0,260.0,2.0,13,894.0,663.0,出界,對手出界,B,,8,719.0,279.0,8,725.0,534.0,0
27,1.0,01:14:29,111744.0,18,9,B,1,發短球,,1.0,2.0,,,,2.0,8,649.0,340.0,,,,,8,630.0,510.0,8,708.0,301.0,0
27,2.0,01:14:30,111759.0,18,9,A,2,放小球,,1.0,2.0,8.0,649.0,340.0,2.0,1,430.0,426.0,,,,,7,635.0,349.0,8,654.0,514.0,0
27,3.0,01:14:31,111781.0,18,9,B,3,挑球,,1.0,2.0,1.0,430.0,426.0,2.0,16,407.0,400.0,掛網,對手掛網,A,,1,499.0,451.0,8,591.0,323.0,0
28,1.0,01:14:52,112322.0,19,9,A,1,發短球,,1.0,2.0,,,,2.0,7,680.0,449.0,,,,,8,629.0,336.0,8,712.0,545.0,0
28,2.0,01:14:53,112341.0,19,9,B,2,放小球,,1.0,2.0,7.0,680.0,449.0,2.0,7,736.0,352.0,,,,,8,712.0,477.0,8,650.0,327.0,0
28,3.0,01:14:54,112363.0,19,9,A,2,挑球,,1.0,2.0,7.0,736.0,352.0,1.0,3,446.0,637.0,,,,,7,700.0,359.0,8,697.0,478.0,0
28,4.0,01:14:56,112404.0,19,9,B,2,點扣,1.0,,1.0,3.0,446.0,637.0,2.0,5,524.0,303.0,,,,,9,482.0,642.0,8,574.0,312.0,0
28,5.0,01:14:56,112415.0,19,9,A,2,勾球,,,2.0,5.0,524.0,303.0,2.0,2,861.0,464.0,,,,,8,555.0,304.0,3,458.0,625.0,0
28,6.0,01:14:57,112440.0,19,9,B,2,推球,,,2.0,2.0,861.0,464.0,1.0,6,796.0,284.0,,,,,8,767.0,520.0,8,622.0,303.0,0
28,7.0,01:14:58,112454.0,19,9,A,2,擋小球,,1.0,1.0,6.0,796.0,284.0,1.0,7,750.0,452.0,,,,,8,672.0,309.0,8,773.0,528.0,0
28,8.0,01:14:58,112471.0,19,9,B,3,撲球,,,1.0,7.0,750.0,452.0,2.0,15,415.0,296.0,出界,對手出界,A,,8,727.0,486.0,8,682.0,309.0,0
29,1.0,01:15:17,112945.0,19,10,A,1,發長球,,1.0,2.0,,,,1.0,5,431.0,599.0,,,,,8,643.0,330.0,8,527.0,549.0,0
29,2.0,01:15:18,112974.0,19,10,B,2,點扣,1.0,,1.0,5.0,431.0,599.0,2.0,5,525.0,303.0,,,,,8,524.0,573.0,8,586.0,306.0,0
29,3.0,01:15:19,112995.0,19,10,A,2,擋小球,,,2.0,5.0,525.0,303.0,2.0,7,661.0,449.0,,,,,8,557.0,307.0,8,548.0,584.0,0
29,4.0,01:15:20,113017.0,19,10,B,2,放小球,,,2.0,7.0,661.0,449.0,2.0,2,786.0,346.0,,,,,7,589.0,472.0,8,611.0,323.0,0
29,5.0,01:15:21,113045.0,19,10,A,3,挑球,,1.0,2.0,2.0,786.0,346.0,2.0,13,873.0,673.0,出界,對手出界,B,,7,753.0,344.0,8,650.0,502.0,0
30,1.0,01:15:39,113490.0,20,10,B,1,發短球,,1.0,2.0,,,,2.0,7,570.0,346.0,,,,,8,660.0,504.0,8,581.0,301.0,0
30,2.0,01:15:40,113507.0,20,10,A,3,推球,,1.0,2.0,7.0,570.0,346.0,2.0,3,395.0,641.0,對手落地致勝,落地致勝,A,,7,535.0,352.0,8,645.0,497.0,0
31,1.0,01:15:57,113948.0,20,11,A,1,發短球,,1.0,2.0,,,,2.0,7,699.0,458.0,,,,,8,629.0,335.0,8,709.0,542.0,0
31,2.0,01:15:58,113967.0,20,11,B,2,放小球,,1.0,2.0,7.0,699.0,458.0,2.0,1,477.0,352.0,,,,,8,698.0,482.0,8,643.0,321.0,0
31,3.0,01:15:59,113993.0,20,11,A,2,挑球,,,2.0,1.0,477.0,352.0,1.0,8,776.0,577.0,,,,,7,544.0,344.0,8,612.0,503.0,0
31,4.0,01:16:00,114016.0,20,11,B,3,點扣,,,1.0,8.0,776.0,577.0,2.0,5,504.0,282.0,對手落地致勝,落地致勝,B,,8,630.0,552.0,8,617.0,316.0,0
32,1.0,01:16:19,114495.0,20,12,B,1,發長球,,1.0,2.0,,,,1.0,9,734.0,254.0,,,,,8,629.0,507.0,8,710.0,302.0,0
32,2.0,01:16:21,114527.0,20,12,A,2,過渡切球,,1.0,1.0,9.0,734.0,254.0,2.0,8,516.0,476.0,,,,,8,702.0,273.0,8,681.0,535.0,0
32,3.0,01:16:21,114548.0,20,12,B,2,放小球,,1.0,2.0,8.0,516.0,476.0,2.0,5,466.0,339.0,,,,,8,561.0,491.0,8,649.0,295.0,0
32,4.0,01:16:22,114571.0,20,12,A,2,放小球,,,2.0,5.0,466.0,339.0,2.0,1,456.0,438.0,,,,,1,527.0,349.0,8,573.0,496.0,0
32,5.0,01:16:23,114591.0,20,12,B,2,推球,,1.0,2.0,1.0,456.0,438.0,2.0,4,756.0,262.0,,,,,1,494.0,434.0,8,553.0,339.0,0
32,6.0,01:16:24,114620.0,20,12,A,3,過渡切球,,1.0,2.0,4.0,756.0,262.0,2.0,2,843.0,406.0,未過網,對手未過網,B,,9,727.0,266.0,8,631.0,501.0,0
33,1.0,01:16:43,115086.0,21,12,B,1,發短球,,1.0,2.0,,,,2.0,7,594.0,347.0,,,,,8,658.0,502.0,8,582.0,300.0,0
33,2.0,01:16:44,115107.0,21,12,A,2,挑球,,,2.0,7.0,594.0,347.0,1.0,5,421.0,579.0,,,,,8,590.0,336.0,8,646.0,504.0,0
33,3.0,01:16:45,115130.0,21,12,B,2,點扣,1.0,,1.0,5.0,421.0,579.0,2.0,5,501.0,301.0,,,,,8,600.0,579.0,8,580.0,309.0,0
33,4.0,01:16:45,115141.0,21,12,A,2,防守回抽,,,2.0,5.0,501.0,301.0,1.0,5,473.0,554.0,,,,,8,553.0,301.0,8,562.0,595.0,0
33,5.0,01:16:46,115156.0,21,12,B,2,擋小球,,1.0,1.0,5.0,473.0,554.0,2.0,5,515.0,320.0,,,,,8,571.0,554.0,8,563.0,301.0,0
33,6.0,01:16:47,115175.0,21,12,A,2,放小球,,,2.0,5.0,515.0,320.0,2.0,7,675.0,467.0,,,,,8,554.0,318.0,8,622.0,533.0,0
33,7.0,01:16:47,115195.0,21,12,B,2,挑球,,1.0,2.0,7.0,675.0,467.0,1.0,4,781.0,256.0,,,,,8,675.0,497.0,8,614.0,318.0,0
33,8.0,01:16:49,115228.0,21,12,A,2,過渡切球,,1.0,1.0,4.0,781.0,256.0,2.0,7,553.0,439.0,,,,,4,751.0,269.0,8,699.0,533.0,0
33,9.0,01:16:49,115247.0,21,12,B,2,推球,,1.0,2.0,7.0,553.0,439.0,2.0,3,494.0,258.0,,,,,7,600.0,463.0,8,710.0,276.0,0
33,10.0,01:16:50,115270.0,21,12,A,2,長球,,,2.0,3.0,494.0,258.0,1.0,8,530.0,542.0,,,,,5,527.0,280.0,8,595.0,496.0,0
33,11.0,01:16:51,115285.0,21,12,B,3,點扣,1.0,,1.0,8.0,530.0,542.0,2.0,7,648.0,404.0,掛網,對手掛網,A,,8,553.0,543.0,5,533.0,304.0,0
